col0,col1,col2,col3,col4,col5,col6,col7,col8,col9,col10,col11,col12,col13,col14,col15,col16,col17,col18,col19,col20,col21,col22,col23,col24,col25,col26,col27,col28,col29,col30,col31,col32,col33,col34,col35,col36,col37,col38,col39,col40,col41,col42,col43,col44,col45,col46,col47,col48,col49,col50,col51,col52,col53,col54,col55,col56,col57,col58,col59,col60,col61,col62,col63,col64,col65,col66,col67,col68,col69,col70,col71,col72,col73,col74,col75,col76,col77,col78,col79,col80,col81,col82,col83,col84,col85,col86,col87,col88,col89,col90,col91,col92,col93,col94,col95,col96,col97,col98,col99,col100,col101,col102,col103,col104,col105,col106,col107,col108,col109,col110,col111,col112,col113,col114,col115,col116,col117,col118,col119,col120,col121,col122,col123,col124,col125,col126,col127,col128,col129
2025-05-21 11:01:14.492515,0.6232724189758301,0,0,138,2,2,0,181,95,157,16,192,71,105,1,241,2,222,3,254,255,131,49,139,36,56,3,43,0,246,0,232,3,232,3,0,0,208,7,0,0,184,11,0,0,160,15,0,0,0,0,0,0,0,0,0,0,0,0,0,0,0,0,0,0,0,0,0,0,0,0,0,0,0,0,0,0,0,0,0,0,0,0,0,0,0,0,0,0,0,0,0,0,0,0,0,0,0,0,0,0,0,0,0,0,0,0,0,0,0,0,0,0,0,0,0,0,0,0,0,0,0,0,0,0,0,0,0,5
2025-05-21 11:01:16.163069,2.2938265800476074,0,0,133,2,2,0,178,95,182,16,117,70,104,1,251,2,188,4,254,255,174,24,58,33,56,3,43,0,255,0,232,3,232,3,0,0,208,7,0,0,184,11,0,0,160,15,0,0,0,0,0,0,0,0,0,0,0,0,0,0,0,0,0,0,0,0,0,0,0,0,0,0,0,0,0,0,0,0,0,0,0,0,0,0,0,0,0,0,0,0,0,0,0,0,0,0,0,0,0,0,0,0,0,0,0,0,0,0,0,0,0,0,0,0,0,0,0,0,0,0,0,0,0,0,0,0,0,5
2025-05-21 11:01:17.161643,3.292400360107422,0,0,178,2,2,0,162,95,212,38,82,70,151,1,195,3,198,11,254,255,101,22,212,30,55,3,42,0,11,1,231,3,232,3,0,0,208,7,0,0,184,11,0,0,160,15,0,0,0,0,0,0,0,0,0,0,0,0,0,0,0,0,0,0,0,0,0,0,0,0,0,0,0,0,0,0,0,0,0,0,0,0,0,0,0,0,0,0,0,0,0,0,0,0,0,0,0,0,0,0,0,0,0,0,0,0,0,0,0,0,0,0,0,0,0,0,0,0,0,0,0,0,0,0,0,0,0,5
2025-05-21 11:01:18.164231,4.294988393783569,0,0,201,3,2,0,163,95,196,64,173,70,23,2,50,5,53,19,255,255,182,21,75,29,53,3,42,0,23,1,231,3,232,3,0,0,208,7,0,0,184,11,0,0,160,15,0,0,0,0,0,0,0,0,0,0,0,0,0,0,0,0,0,0,0,0,0,0,0,0,0,0,0,0,0,0,0,0,0,0,0,0,0,0,0,0,0,0,0,0,0,0,0,0,0,0,0,0,0,0,0,0,0,0,0,0,0,0,0,0,0,0,0,0,0,0,0,0,0,0,0,0,0,0,0,0,0,5
2025-05-21 11:01:19.162702,5.29345965385437,255,255,245,4,2,0,160,95,252,77,92,71,174,2,130,6,105,23,254,255,99,21,86,28,51,3,42,0,37,1,231,3,232,3,0,0,208,7,0,0,184,11,0,0,160,15,0,0,0,0,0,0,0,0,0,0,0,0,0,0,0,0,0,0,0,0,0,0,0,0,0,0,0,0,0,0,0,0,0,0,0,0,0,0,0,0,0,0,0,0,0,0,0,0,0,0,0,0,0,0,0,0,0,0,0,0,0,0,0,0,0,0,0,0,0,0,0,0,0,0,0,0,0,0,0,0,0,5
2025-05-21 11:01:20.165016,6.295773267745972,255,255,252,5,2,0,158,95,99,84,49,72,43,3,145,7,91,26,254,255,54,21,217,27,50,3,43,0,50,1,231,3,232,3,0,0,208,7,0,0,184,11,0,0,160,15,0,0,0,0,0,0,0,0,0,0,0,0,0,0,0,0,0,0,0,0,0,0,0,0,0,0,0,0,0,0,0,0,0,0,0,0,0,0,0,0,0,0,0,0,0,0,0,0,0,0,0,0,0,0,0,0,0,0,0,0,0,0,0,0,0,0,0,0,0,0,0,0,0,0,0,0,0,0,0,0,0,5
2025-05-21 11:01:21.159758,7.290514945983887,255,255,247,6,2,0,156,95,96,88,1,73,140,3,89,8,226,28,254,255,23,21,150,27,50,3,42,0,62,1,232,3,232,3,0,0,208,7,0,0,184,11,0,0,160,15,0,0,0,0,0,0,0,0,0,0,0,0,0,0,0,0,0,0,0,0,0,0,0,0,0,0,0,0,0,0,0,0,0,0,0,0,0,0,0,0,0,0,0,0,0,0,0,0,0,0,0,0,0,0,0,0,0,0,0,0,0,0,0,0,0,0,0,0,0,0,0,0,0,0,0,0,0,0,0,0,0,5
2025-05-21 11:01:22.159918,8.290675401687622,255,255,214,7,2,0,155,95,128,91,184,73,217,3,2,9,22,31,254,255,5,21,106,27,50,3,42,0,72,1,233,3,232,3,0,0,208,7,0,0,184,11,0,0,160,15,0,0,0,0,0,0,0,0,0,0,0,0,0,0,0,0,0,0,0,0,0,0,0,0,0,0,0,0,0,0,0,0,0,0,0,0,0,0,0,0,0,0,0,0,0,0,0,0,0,0,0,0,0,0,0,0,0,0,0,0,0,0,0,0,0,0,0,0,0,0,0,0,0,0,0,0,0,0,0,0,0,5
2025-05-21 11:01:23.163712,9.294469594955444,255,255,147,8,2,0,155,95,3,94,79,74,24,4,179,9,184,32,254,255,247,20,74,27,50,3,42,0,81,1,234,3,232,3,0,0,208,7,0,0,184,11,0,0,160,15,0,0,0,0,0,0,0,0,0,0,0,0,0,0,0,0,0,0,0,0,0,0,0,0,0,0,0,0,0,0,0,0,0,0,0,0,0,0,0,0,0,0,0,0,0,0,0,0,0,0,0,0,0,0,0,0,0,0,0,0,0,0,0,0,0,0,0,0,0,0,0,0,0,0,0,0,0,0,0,0,0,5
2025-05-21 11:01:24.163131,10.293888330459595,255,255,54,9,2,0,155,95,149,95,206,74,79,4,96,10,252,33,254,255,237,20,50,27,52,3,42,0,88,1,234,3,232,3,0,0,208,7,0,0,184,11,0,0,160,15,0,0,0,0,0,0,0,0,0,0,0,0,0,0,0,0,0,0,0,0,0,0,0,0,0,0,0,0,0,0,0,0,0,0,0,0,0,0,0,0,0,0,0,0,0,0,0,0,0,0,0,0,0,0,0,0,0,0,0,0,0,0,0,0,0,0,0,0,0,0,0,0,0,0,0,0,0,0,0,0,0,5
2025-05-21 11:01:25.162000,11.292757749557495,255,255,197,9,2,0,154,95,149,95,42,75,133,4,15,11,250,34,254,255,232,20,29,27,54,3,42,0,94,1,236,3,232,3,0,0,208,7,0,0,184,11,0,0,160,15,0,0,0,0,0,0,0,0,0,0,0,0,0,0,0,0,0,0,0,0,0,0,0,0,0,0,0,0,0,0,0,0,0,0,0,0,0,0,0,0,0,0,0,0,0,0,0,0,0,0,0,0,0,0,0,0,0,0,0,0,0,0,0,0,0,0,0,0,0,0,0,0,0,0,0,0,0,0,0,0,0,5
2025-05-21 11:01:26.165335,12.29609203338623,0,0,71,10,2,0,154,95,148,95,102,75,189,4,198,11,207,35,254,255,229,20,14,27,57,3,42,0,99,1,236,3,232,3,0,0,208,7,0,0,184,11,0,0,160,15,0,0,0,0,0,0,0,0,0,0,0,0,0,0,0,0,0,0,0,0,0,0,0,0,0,0,0,0,0,0,0,0,0,0,0,0,0,0,0,0,0,0,0,0,0,0,0,0,0,0,0,0,0,0,0,0,0,0,0,0,0,0,0,0,0,0,0,0,0,0,0,0,0,0,0,0,0,0,0,0,0,5
2025-05-21 11:01:27.164385,13.295142650604248,0,0,193,10,2,0,151,95,146,95,137,75,249,4,122,12,136,36,254,255,221,20,0,27,60,3,42,0,103,1,236,3,232,3,0,0,208,7,0,0,184,11,0,0,160,15,0,0,0,0,0,0,0,0,0,0,0,0,0,0,0,0,0,0,0,0,0,0,0,0,0,0,0,0,0,0,0,0,0,0,0,0,0,0,0,0,0,0,0,0,0,0,0,0,0,0,0,0,0,0,0,0,0,0,0,0,0,0,0,0,0,0,0,0,0,0,0,0,0,0,0,0,0,0,0,0,0,5
2025-05-21 11:01:28.160208,14.290965557098389,0,0,53,11,2,0,152,95,148,95,159,75,55,5,43,13,44,37,254,255,215,20,246,26,64,3,42,0,107,1,238,3,232,3,0,0,208,7,0,0,184,11,0,0,160,15,0,0,0,0,0,0,0,0,0,0,0,0,0,0,0,0,0,0,0,0,0,0,0,0,0,0,0,0,0,0,0,0,0,0,0,0,0,0,0,0,0,0,0,0,0,0,0,0,0,0,0,0,0,0,0,0,0,0,0,0,0,0,0,0,0,0,0,0,0,0,0,0,0,0,0,0,0,0,0,0,0,5
2025-05-21 11:01:29.165348,15.29610538482666,255,255,165,11,2,0,151,95,146,95,170,75,118,5,224,13,195,37,254,255,211,20,237,26,69,3,42,0,110,1,238,3,232,3,0,0,208,7,0,0,184,11,0,0,160,15,0,0,0,0,0,0,0,0,0,0,0,0,0,0,0,0,0,0,0,0,0,0,0,0,0,0,0,0,0,0,0,0,0,0,0,0,0,0,0,0,0,0,0,0,0,0,0,0,0,0,0,0,0,0,0,0,0,0,0,0,0,0,0,0,0,0,0,0,0,0,0,0,0,0,0,0,0,0,0,0,0,5
2025-05-21 11:01:30.163047,16.293804168701172,0,0,20,12,2,0,151,95,147,95,170,75,183,5,146,14,82,38,254,255,211,20,230,26,75,3,42,0,114,1,239,3,232,3,0,0,208,7,0,0,184,11,0,0,160,15,0,0,0,0,0,0,0,0,0,0,0,0,0,0,0,0,0,0,0,0,0,0,0,0,0,0,0,0,0,0,0,0,0,0,0,0,0,0,0,0,0,0,0,0,0,0,0,0,0,0,0,0,0,0,0,0,0,0,0,0,0,0,0,0,0,0,0,0,0,0,0,0,0,0,0,0,0,0,0,0,0,5
2025-05-21 11:01:31.165486,17.2962429523468,0,0,130,12,2,0,151,95,146,95,154,75,247,5,50,15,210,38,254,255,206,20,226,26,81,3,41,0,117,1,240,3,232,3,0,0,208,7,0,0,184,11,0,0,160,15,0,0,0,0,0,0,0,0,0,0,0,0,0,0,0,0,0,0,0,0,0,0,0,0,0,0,0,0,0,0,0,0,0,0,0,0,0,0,0,0,0,0,0,0,0,0,0,0,0,0,0,0,0,0,0,0,0,0,0,0,0,0,0,0,0,0,0,0,0,0,0,0,0,0,0,0,0,0,0,0,0,5
2025-05-21 11:01:32.163678,18.294435262680054,255,255,240,12,2,0,150,95,146,95,132,75,54,6,196,15,68,39,254,255,206,20,220,26,89,3,41,0,119,1,240,3,232,3,0,0,208,7,0,0,184,11,0,0,160,15,0,0,0,0,0,0,0,0,0,0,0,0,0,0,0,0,0,0,0,0,0,0,0,0,0,0,0,0,0,0,0,0,0,0,0,0,0,0,0,0,0,0,0,0,0,0,0,0,0,0,0,0,0,0,0,0,0,0,0,0,0,0,0,0,0,0,0,0,0,0,0,0,0,0,0,0,0,0,0,0,0,5
2025-05-21 11:01:33.165352,19.296108961105347,0,0,96,13,2,0,149,95,145,95,117,75,115,6,69,16,163,39,254,255,204,20,214,26,96,3,41,0,122,1,241,3,232,3,0,0,208,7,0,0,184,11,0,0,160,15,0,0,0,0,0,0,0,0,0,0,0,0,0,0,0,0,0,0,0,0,0,0,0,0,0,0,0,0,0,0,0,0,0,0,0,0,0,0,0,0,0,0,0,0,0,0,0,0,0,0,0,0,0,0,0,0,0,0,0,0,0,0,0,0,0,0,0,0,0,0,0,0,0,0,0,0,0,0,0,0,0,5
2025-05-21 11:01:34.160066,20.290822982788086,255,255,204,13,2,0,149,95,145,95,113,75,172,6,191,16,252,39,254,255,201,20,208,26,105,3,41,0,124,1,242,3,232,3,0,0,208,7,0,0,184,11,0,0,160,15,0,0,0,0,0,0,0,0,0,0,0,0,0,0,0,0,0,0,0,0,0,0,0,0,0,0,0,0,0,0,0,0,0,0,0,0,0,0,0,0,0,0,0,0,0,0,0,0,0,0,0,0,0,0,0,0,0,0,0,0,0,0,0,0,0,0,0,0,0,0,0,0,0,0,0,0,0,0,0,0,0,5
2025-05-21 11:01:35.165601,21.296358585357666,0,0,53,14,2,0,150,95,147,95,110,75,224,6,52,17,74,40,254,255,198,20,202,26,114,3,41,0,126,1,243,3,232,3,0,0,208,7,0,0,184,11,0,0,160,15,0,0,0,0,0,0,0,0,0,0,0,0,0,0,0,0,0,0,0,0,0,0,0,0,0,0,0,0,0,0,0,0,0,0,0,0,0,0,0,0,0,0,0,0,0,0,0,0,0,0,0,0,0,0,0,0,0,0,0,0,0,0,0,0,0,0,0,0,0,0,0,0,0,0,0,0,0,0,0,0,0,5
2025-05-21 11:01:36.162181,22.292937994003296,255,255,154,14,2,0,151,95,145,95,112,75,18,7,161,17,142,40,254,255,194,20,196,26,124,3,41,0,128,1,244,3,232,3,0,0,208,7,0,0,184,11,0,0,160,15,0,0,0,0,0,0,0,0,0,0,0,0,0,0,0,0,0,0,0,0,0,0,0,0,0,0,0,0,0,0,0,0,0,0,0,0,0,0,0,0,0,0,0,0,0,0,0,0,0,0,0,0,0,0,0,0,0,0,0,0,0,0,0,0,0,0,0,0,0,0,0,0,0,0,0,0,0,0,0,0,0,5
2025-05-21 11:01:37.164776,23.295533418655396,0,0,252,14,2,0,149,95,145,95,128,75,63,7,11,18,210,40,254,255,195,20,190,26,134,3,41,0,130,1,245,3,232,3,0,0,208,7,0,0,184,11,0,0,160,15,0,0,0,0,0,0,0,0,0,0,0,0,0,0,0,0,0,0,0,0,0,0,0,0,0,0,0,0,0,0,0,0,0,0,0,0,0,0,0,0,0,0,0,0,0,0,0,0,0,0,0,0,0,0,0,0,0,0,0,0,0,0,0,0,0,0,0,0,0,0,0,0,0,0,0,0,0,0,0,0,0,5
2025-05-21 11:01:38.162649,24.29340648651123,255,255,90,15,3,0,149,95,145,95,151,75,104,7,112,18,19,41,254,255,192,20,186,26,145,3,41,0,132,1,246,3,232,3,0,0,208,7,0,0,184,11,0,0,160,15,0,0,0,0,0,0,0,0,0,0,0,0,0,0,0,0,0,0,0,0,0,0,0,0,0,0,0,0,0,0,0,0,0,0,0,0,0,0,0,0,0,0,0,0,0,0,0,0,0,0,0,0,0,0,0,0,0,0,0,0,0,0,0,0,0,0,0,0,0,0,0,0,0,0,0,0,0,0,0,0,0,5
2025-05-21 11:01:39.160169,25.290925979614258,255,255,181,15,2,0,148,95,144,95,163,75,142,7,205,18,82,41,254,255,191,20,180,26,156,3,41,0,133,1,246,3,232,3,0,0,208,7,0,0,184,11,0,0,160,15,0,0,0,0,0,0,0,0,0,0,0,0,0,0,0,0,0,0,0,0,0,0,0,0,0,0,0,0,0,0,0,0,0,0,0,0,0,0,0,0,0,0,0,0,0,0,0,0,0,0,0,0,0,0,0,0,0,0,0,0,0,0,0,0,0,0,0,0,0,0,0,0,0,0,0,0,0,0,0,0,0,5
2025-05-21 11:01:40.165614,26.29637122154236,0,0,13,16,2,0,148,95,143,95,163,75,178,7,34,19,139,41,254,255,190,20,177,26,168,3,41,0,135,1,247,3,232,3,0,0,208,7,0,0,184,11,0,0,160,15,0,0,0,0,0,0,0,0,0,0,0,0,0,0,0,0,0,0,0,0,0,0,0,0,0,0,0,0,0,0,0,0,0,0,0,0,0,0,0,0,0,0,0,0,0,0,0,0,0,0,0,0,0,0,0,0,0,0,0,0,0,0,0,0,0,0,0,0,0,0,0,0,0,0,0,0,0,0,0,0,0,5
2025-05-21 11:01:41.162146,27.292902946472168,0,0,94,16,2,0,149,95,144,95,160,75,212,7,112,19,187,41,254,255,191,20,172,26,180,3,41,0,135,1,248,3,232,3,0,0,208,7,0,0,184,11,0,0,160,15,0,0,0,0,0,0,0,0,0,0,0,0,0,0,0,0,0,0,0,0,0,0,0,0,0,0,0,0,0,0,0,0,0,0,0,0,0,0,0,0,0,0,0,0,0,0,0,0,0,0,0,0,0,0,0,0,0,0,0,0,0,0,0,0,0,0,0,0,0,0,0,0,0,0,0,0,0,0,0,0,0,5
2025-05-21 11:01:42.165789,28.29654598236084,255,255,168,16,2,0,148,95,144,95,155,75,245,7,187,19,227,41,254,255,190,20,167,26,192,3,41,0,137,1,249,3,232,3,0,0,208,7,0,0,184,11,0,0,160,15,0,0,0,0,0,0,0,0,0,0,0,0,0,0,0,0,0,0,0,0,0,0,0,0,0,0,0,0,0,0,0,0,0,0,0,0,0,0,0,0,0,0,0,0,0,0,0,0,0,0,0,0,0,0,0,0,0,0,0,0,0,0,0,0,0,0,0,0,0,0,0,0,0,0,0,0,0,0,0,0,0,5
2025-05-21 11:01:43.162501,29.29325819015503,0,0,237,16,2,0,149,95,143,95,164,75,20,8,4,20,9,42,254,255,188,20,161,26,205,3,41,0,138,1,250,3,232,3,0,0,208,7,0,0,184,11,0,0,160,15,0,0,0,0,0,0,0,0,0,0,0,0,0,0,0,0,0,0,0,0,0,0,0,0,0,0,0,0,0,0,0,0,0,0,0,0,0,0,0,0,0,0,0,0,0,0,0,0,0,0,0,0,0,0,0,0,0,0,0,0,0,0,0,0,0,0,0,0,0,0,0,0,0,0,0,0,0,0,0,0,0,5
2025-05-21 11:01:44.165978,30.296735048294067,0,0,46,17,2,0,149,95,144,95,177,75,48,8,73,20,49,42,254,255,188,20,155,26,218,3,41,0,139,1,251,3,232,3,0,0,208,7,0,0,184,11,0,0,160,15,0,0,0,0,0,0,0,0,0,0,0,0,0,0,0,0,0,0,0,0,0,0,0,0,0,0,0,0,0,0,0,0,0,0,0,0,0,0,0,0,0,0,0,0,0,0,0,0,0,0,0,0,0,0,0,0,0,0,0,0,0,0,0,0,0,0,0,0,0,0,0,0,0,0,0,0,0,0,0,0,0,5
2025-05-21 11:01:45.165642,31.296399116516113,255,255,109,17,2,0,148,95,143,95,183,75,74,8,137,20,89,42,254,255,189,20,152,26,231,3,41,0,139,1,251,3,232,3,0,0,208,7,0,0,184,11,0,0,160,15,0,0,0,0,0,0,0,0,0,0,0,0,0,0,0,0,0,0,0,0,0,0,0,0,0,0,0,0,0,0,0,0,0,0,0,0,0,0,0,0,0,0,0,0,0,0,0,0,0,0,0,0,0,0,0,0,0,0,0,0,0,0,0,0,0,0,0,0,0,0,0,0,0,0,0,0,0,0,0,0,0,5
2025-05-21 11:01:46.166491,32.29724836349487,0,0,168,17,2,0,146,95,140,95,181,75,99,8,195,20,129,42,254,255,188,20,149,26,244,3,41,0,140,1,252,3,232,3,0,0,208,7,0,0,184,11,0,0,160,15,0,0,0,0,0,0,0,0,0,0,0,0,0,0,0,0,0,0,0,0,0,0,0,0,0,0,0,0,0,0,0,0,0,0,0,0,0,0,0,0,0,0,0,0,0,0,0,0,0,0,0,0,0,0,0,0,0,0,0,0,0,0,0,0,0,0,0,0,0,0,0,0,0,0,0,0,0,0,0,0,0,5
2025-05-21 11:01:47.163025,33.293781757354736,0,0,224,17,2,0,146,95,144,95,179,75,124,8,250,20,158,42,254,255,190,20,146,26,2,4,41,0,142,1,253,3,232,3,0,0,208,7,0,0,184,11,0,0,160,15,0,0,0,0,0,0,0,0,0,0,0,0,0,0,0,0,0,0,0,0,0,0,0,0,0,0,0,0,0,0,0,0,0,0,0,0,0,0,0,0,0,0,0,0,0,0,0,0,0,0,0,0,0,0,0,0,0,0,0,0,0,0,0,0,0,0,0,0,0,0,0,0,0,0,0,0,0,0,0,0,0,5
2025-05-21 11:01:48.164368,34.29512572288513,0,0,19,18,2,0,146,95,140,95,177,75,147,8,46,21,182,42,254,255,190,20,140,26,17,4,41,0,142,1,254,3,232,3,0,0,208,7,0,0,184,11,0,0,160,15,0,0,0,0,0,0,0,0,0,0,0,0,0,0,0,0,0,0,0,0,0,0,0,0,0,0,0,0,0,0,0,0,0,0,0,0,0,0,0,0,0,0,0,0,0,0,0,0,0,0,0,0,0,0,0,0,0,0,0,0,0,0,0,0,0,0,0,0,0,0,0,0,0,0,0,0,0,0,0,0,0,5
2025-05-21 11:01:49.162169,35.29292678833008,255,255,67,18,2,0,147,95,144,95,187,75,169,8,98,21,205,42,254,255,191,20,134,26,31,4,41,0,143,1,255,3,232,3,0,0,208,7,0,0,184,11,0,0,160,15,0,0,0,0,0,0,0,0,0,0,0,0,0,0,0,0,0,0,0,0,0,0,0,0,0,0,0,0,0,0,0,0,0,0,0,0,0,0,0,0,0,0,0,0,0,0,0,0,0,0,0,0,0,0,0,0,0,0,0,0,0,0,0,0,0,0,0,0,0,0,0,0,0,0,0,0,0,0,0,0,0,5
2025-05-21 11:01:50.165684,36.296441078186035,255,255,112,18,2,0,147,95,143,95,196,75,190,8,145,21,230,42,254,255,189,20,131,26,46,4,41,0,143,1,0,4,232,3,0,0,208,7,0,0,184,11,0,0,160,15,0,0,0,0,0,0,0,0,0,0,0,0,0,0,0,0,0,0,0,0,0,0,0,0,0,0,0,0,0,0,0,0,0,0,0,0,0,0,0,0,0,0,0,0,0,0,0,0,0,0,0,0,0,0,0,0,0,0,0,0,0,0,0,0,0,0,0,0,0,0,0,0,0,0,0,0,0,0,0,0,0,5
2025-05-21 11:01:51.165491,37.29624819755554,255,255,157,18,2,0,147,95,142,95,192,75,208,8,189,21,5,43,254,255,191,20,128,26,60,4,41,0,144,1,0,4,232,3,0,0,208,7,0,0,184,11,0,0,160,15,0,0,0,0,0,0,0,0,0,0,0,0,0,0,0,0,0,0,0,0,0,0,0,0,0,0,0,0,0,0,0,0,0,0,0,0,0,0,0,0,0,0,0,0,0,0,0,0,0,0,0,0,0,0,0,0,0,0,0,0,0,0,0,0,0,0,0,0,0,0,0,0,0,0,0,0,0,0,0,0,0,5
2025-05-21 11:01:52.164060,38.29481744766235,255,255,199,18,2,0,146,95,142,95,180,75,227,8,231,21,30,43,254,255,190,20,124,26,75,4,41,0,144,1,1,4,232,3,0,0,208,7,0,0,184,11,0,0,160,15,0,0,0,0,0,0,0,0,0,0,0,0,0,0,0,0,0,0,0,0,0,0,0,0,0,0,0,0,0,0,0,0,0,0,0,0,0,0,0,0,0,0,0,0,0,0,0,0,0,0,0,0,0,0,0,0,0,0,0,0,0,0,0,0,0,0,0,0,0,0,0,0,0,0,0,0,0,0,0,0,0,5
2025-05-21 11:01:53.164971,39.29572868347168,0,0,237,18,2,0,146,95,141,95,168,75,246,8,13,22,47,43,254,255,191,20,120,26,90,4,41,0,145,1,2,4,232,3,0,0,208,7,0,0,184,11,0,0,160,15,0,0,0,0,0,0,0,0,0,0,0,0,0,0,0,0,0,0,0,0,0,0,0,0,0,0,0,0,0,0,0,0,0,0,0,0,0,0,0,0,0,0,0,0,0,0,0,0,0,0,0,0,0,0,0,0,0,0,0,0,0,0,0,0,0,0,0,0,0,0,0,0,0,0,0,0,0,0,0,0,0,5
2025-05-21 11:01:54.160474,40.29123139381409,255,255,18,19,2,0,146,95,143,95,167,75,7,9,52,22,63,43,254,255,190,20,115,26,106,4,41,0,146,1,3,4,232,3,0,0,208,7,0,0,184,11,0,0,160,15,0,0,0,0,0,0,0,0,0,0,0,0,0,0,0,0,0,0,0,0,0,0,0,0,0,0,0,0,0,0,0,0,0,0,0,0,0,0,0,0,0,0,0,0,0,0,0,0,0,0,0,0,0,0,0,0,0,0,0,0,0,0,0,0,0,0,0,0,0,0,0,0,0,0,0,0,0,0,0,0,0,5
2025-05-21 11:01:55.166363,41.297120332717896,255,255,53,19,2,0,146,95,142,95,174,75,23,9,89,22,78,43,254,255,191,20,112,26,121,4,41,0,146,1,4,4,232,3,0,0,208,7,0,0,184,11,0,0,160,15,0,0,0,0,0,0,0,0,0,0,0,0,0,0,0,0,0,0,0,0,0,0,0,0,0,0,0,0,0,0,0,0,0,0,0,0,0,0,0,0,0,0,0,0,0,0,0,0,0,0,0,0,0,0,0,0,0,0,0,0,0,0,0,0,0,0,0,0,0,0,0,0,0,0,0,0,0,0,0,0,0,5
2025-05-21 11:01:56.160370,42.29763960838318,0,0,88,19,2,0,147,95,141,95,176,75,37,9,122,22,99,43,254,255,192,20,109,26,136,4,40,0,146,1,5,4,232,3,0,0,208,7,0,0,184,11,0,0,160,15,0,0,0,0,0,0,0,0,0,0,0,0,0,0,0,0,0,0,0,0,0,0,0,0,0,0,0,0,0,0,0,0,0,0,0,0,0,0,0,0,0,0,0,0,0,0,0,0,0,0,0,0,0,0,0,0,0,0,0,0,0,0,0,0,0,0,0,0,0,0,0,0,0,0,0,0,0,0,0,0,0,5
2025-05-21 11:01:57.161499,43.292256355285645,0,0,121,19,2,0,146,95,141,95,170,75,52,9,154,22,124,43,254,255,189,20,106,26,152,4,41,0,147,1,6,4,232,3,0,0,208,7,0,0,184,11,0,0,160,15,0,0,0,0,0,0,0,0,0,0,0,0,0,0,0,0,0,0,0,0,0,0,0,0,0,0,0,0,0,0,0,0,0,0,0,0,0,0,0,0,0,0,0,0,0,0,0,0,0,0,0,0,0,0,0,0,0,0,0,0,0,0,0,0,0,0,0,0,0,0,0,0,0,0,0,0,0,0,0,0,0,5
2025-05-21 11:01:58.163745,44.29450273513794,255,255,151,19,2,0,147,95,141,95,164,75,66,9,184,22,137,43,254,255,192,20,103,26,167,4,41,0,147,1,7,4,232,3,0,0,208,7,0,0,184,11,0,0,160,15,0,0,0,0,0,0,0,0,0,0,0,0,0,0,0,0,0,0,0,0,0,0,0,0,0,0,0,0,0,0,0,0,0,0,0,0,0,0,0,0,0,0,0,0,0,0,0,0,0,0,0,0,0,0,0,0,0,0,0,0,0,0,0,0,0,0,0,0,0,0,0,0,0,0,0,0,0,0,0,0,0,5
2025-05-21 11:01:59.161953,45.29271054267883,255,255,180,19,2,0,145,95,142,95,162,75,80,9,213,22,147,43,254,255,193,20,98,26,183,4,40,0,148,1,7,4,232,3,0,0,208,7,0,0,184,11,0,0,160,15,0,0,0,0,0,0,0,0,0,0,0,0,0,0,0,0,0,0,0,0,0,0,0,0,0,0,0,0,0,0,0,0,0,0,0,0,0,0,0,0,0,0,0,0,0,0,0,0,0,0,0,0,0,0,0,0,0,0,0,0,0,0,0,0,0,0,0,0,0,0,0,0,0,0,0,0,0,0,0,0,0,5
2025-05-21 11:02:00.160972,46.29172897338867,255,255,207,19,2,0,147,95,142,95,169,75,93,9,242,22,157,43,254,255,193,20,94,26,199,4,41,0,149,1,8,4,232,3,0,0,208,7,0,0,184,11,0,0,160,15,0,0,0,0,0,0,0,0,0,0,0,0,0,0,0,0,0,0,0,0,0,0,0,0,0,0,0,0,0,0,0,0,0,0,0,0,0,0,0,0,0,0,0,0,0,0,0,0,0,0,0,0,0,0,0,0,0,0,0,0,0,0,0,0,0,0,0,0,0,0,0,0,0,0,0,0,0,0,0,0,0,5
2025-05-21 11:02:01.167009,47.2977659702301,0,0,235,19,2,0,147,95,142,95,176,75,105,9,12,23,170,43,254,255,193,20,92,26,215,4,41,0,148,1,9,4,232,3,0,0,208,7,0,0,184,11,0,0,160,15,0,0,0,0,0,0,0,0,0,0,0,0,0,0,0,0,0,0,0,0,0,0,0,0,0,0,0,0,0,0,0,0,0,0,0,0,0,0,0,0,0,0,0,0,0,0,0,0,0,0,0,0,0,0,0,0,0,0,0,0,0,0,0,0,0,0,0,0,0,0,0,0,0,0,0,0,0,0,0,0,0,5
2025-05-21 11:02:02.160490,48.29124689102173,255,255,6,20,2,0,146,95,141,95,168,75,117,9,37,23,189,43,254,255,193,20,90,26,231,4,40,0,149,1,10,4,232,3,0,0,208,7,0,0,184,11,0,0,160,15,0,0,0,0,0,0,0,0,0,0,0,0,0,0,0,0,0,0,0,0,0,0,0,0,0,0,0,0,0,0,0,0,0,0,0,0,0,0,0,0,0,0,0,0,0,0,0,0,0,0,0,0,0,0,0,0,0,0,0,0,0,0,0,0,0,0,0,0,0,0,0,0,0,0,0,0,0,0,0,0,0,5
2025-05-21 11:02:03.163223,49.29398012161255,0,0,31,20,2,0,146,95,141,95,151,75,128,9,60,23,202,43,254,255,195,20,88,26,246,4,41,0,149,1,11,4,232,3,0,0,208,7,0,0,184,11,0,0,160,15,0,0,0,0,0,0,0,0,0,0,0,0,0,0,0,0,0,0,0,0,0,0,0,0,0,0,0,0,0,0,0,0,0,0,0,0,0,0,0,0,0,0,0,0,0,0,0,0,0,0,0,0,0,0,0,0,0,0,0,0,0,0,0,0,0,0,0,0,0,0,0,0,0,0,0,0,0,0,0,0,0,5
2025-05-21 11:02:04.164961,50.29571795463562,0,0,54,20,2,0,145,95,141,95,142,75,139,9,83,23,208,43,254,255,195,20,83,26,6,5,40,0,149,1,12,4,232,3,0,0,208,7,0,0,184,11,0,0,160,15,0,0,0,0,0,0,0,0,0,0,0,0,0,0,0,0,0,0,0,0,0,0,0,0,0,0,0,0,0,0,0,0,0,0,0,0,0,0,0,0,0,0,0,0,0,0,0,0,0,0,0,0,0,0,0,0,0,0,0,0,0,0,0,0,0,0,0,0,0,0,0,0,0,0,0,0,0,0,0,0,0,5
2025-05-21 11:02:05.163581,51.29433798789978,255,255,76,20,2,0,145,95,140,95,143,75,150,9,106,23,215,43,254,255,196,20,80,26,22,5,41,0,150,1,12,4,232,3,0,0,208,7,0,0,184,11,0,0,160,15,0,0,0,0,0,0,0,0,0,0,0,0,0,0,0,0,0,0,0,0,0,0,0,0,0,0,0,0,0,0,0,0,0,0,0,0,0,0,0,0,0,0,0,0,0,0,0,0,0,0,0,0,0,0,0,0,0,0,0,0,0,0,0,0,0,0,0,0,0,0,0,0,0,0,0,0,0,0,0,0,0,5
2025-05-21 11:02:06.165800,52.296557664871216,0,0,99,20,2,0,146,95,139,95,146,75,160,9,127,23,224,43,254,255,196,20,77,26,37,5,40,0,149,1,13,4,232,3,0,0,208,7,0,0,184,11,0,0,160,15,0,0,0,0,0,0,0,0,0,0,0,0,0,0,0,0,0,0,0,0,0,0,0,0,0,0,0,0,0,0,0,0,0,0,0,0,0,0,0,0,0,0,0,0,0,0,0,0,0,0,0,0,0,0,0,0,0,0,0,0,0,0,0,0,0,0,0,0,0,0,0,0,0,0,0,0,0,0,0,0,0,5
2025-05-21 11:02:07.160540,53.29129767417908,255,255,120,20,2,0,145,95,140,95,144,75,169,9,147,23,241,43,254,255,196,20,76,26,53,5,41,0,151,1,14,4,232,3,0,0,208,7,0,0,184,11,0,0,160,15,0,0,0,0,0,0,0,0,0,0,0,0,0,0,0,0,0,0,0,0,0,0,0,0,0,0,0,0,0,0,0,0,0,0,0,0,0,0,0,0,0,0,0,0,0,0,0,0,0,0,0,0,0,0,0,0,0,0,0,0,0,0,0,0,0,0,0,0,0,0,0,0,0,0,0,0,0,0,0,0,0,5
2025-05-21 11:02:08.160721,54.2914776802063,0,0,141,20,2,0,145,95,140,95,134,75,179,9,166,23,253,43,254,255,197,20,72,26,69,5,41,0,150,1,14,4,232,3,0,0,208,7,0,0,184,11,0,0,160,15,0,0,0,0,0,0,0,0,0,0,0,0,0,0,0,0,0,0,0,0,0,0,0,0,0,0,0,0,0,0,0,0,0,0,0,0,0,0,0,0,0,0,0,0,0,0,0,0,0,0,0,0,0,0,0,0,0,0,0,0,0,0,0,0,0,0,0,0,0,0,0,0,0,0,0,0,0,0,0,0,0,5
2025-05-21 11:02:09.165793,55.29655075073242,0,0,160,20,3,0,143,95,139,95,127,75,188,9,185,23,1,44,254,255,198,20,69,26,85,5,41,0,151,1,15,4,232,3,0,0,208,7,0,0,184,11,0,0,160,15,0,0,0,0,0,0,0,0,0,0,0,0,0,0,0,0,0,0,0,0,0,0,0,0,0,0,0,0,0,0,0,0,0,0,0,0,0,0,0,0,0,0,0,0,0,0,0,0,0,0,0,0,0,0,0,0,0,0,0,0,0,0,0,0,0,0,0,0,0,0,0,0,0,0,0,0,0,0,0,0,0,5
2025-05-21 11:02:10.167194,56.297951459884644,0,0,179,20,2,0,145,95,141,95,131,75,197,9,204,23,4,44,254,255,200,20,66,26,100,5,40,0,151,1,16,4,232,3,0,0,208,7,0,0,184,11,0,0,160,15,0,0,0,0,0,0,0,0,0,0,0,0,0,0,0,0,0,0,0,0,0,0,0,0,0,0,0,0,0,0,0,0,0,0,0,0,0,0,0,0,0,0,0,0,0,0,0,0,0,0,0,0,0,0,0,0,0,0,0,0,0,0,0,0,0,0,0,0,0,0,0,0,0,0,0,0,0,0,0,0,0,5
2025-05-21 11:02:11.160913,57.29167056083679,255,255,197,20,2,0,144,95,140,95,136,75,205,9,221,23,9,44,254,255,201,20,64,26,116,5,41,0,151,1,17,4,232,3,0,0,208,7,0,0,184,11,0,0,160,15,0,0,0,0,0,0,0,0,0,0,0,0,0,0,0,0,0,0,0,0,0,0,0,0,0,0,0,0,0,0,0,0,0,0,0,0,0,0,0,0,0,0,0,0,0,0,0,0,0,0,0,0,0,0,0,0,0,0,0,0,0,0,0,0,0,0,0,0,0,0,0,0,0,0,0,0,0,0,0,0,0,5
2025-05-21 11:02:12.165497,58.29625415802002,0,0,215,20,2,0,144,95,139,95,131,75,213,9,237,23,20,44,254,255,203,20,63,26,131,5,41,0,151,1,17,4,232,3,0,0,208,7,0,0,184,11,0,0,160,15,0,0,0,0,0,0,0,0,0,0,0,0,0,0,0,0,0,0,0,0,0,0,0,0,0,0,0,0,0,0,0,0,0,0,0,0,0,0,0,0,0,0,0,0,0,0,0,0,0,0,0,0,0,0,0,0,0,0,0,0,0,0,0,0,0,0,0,0,0,0,0,0,0,0,0,0,0,0,0,0,0,5
2025-05-21 11:02:13.160438,59.29119515419006,255,255,233,20,2,0,144,95,140,95,114,75,221,9,252,23,30,44,254,255,203,20,61,26,147,5,41,0,152,1,18,4,232,3,0,0,208,7,0,0,184,11,0,0,160,15,0,0,0,0,0,0,0,0,0,0,0,0,0,0,0,0,0,0,0,0,0,0,0,0,0,0,0,0,0,0,0,0,0,0,0,0,0,0,0,0,0,0,0,0,0,0,0,0,0,0,0,0,0,0,0,0,0,0,0,0,0,0,0,0,0,0,0,0,0,0,0,0,0,0,0,0,0,0,0,0,0,5
2025-05-21 11:02:14.162842,60.293599128723145,255,255,249,20,2,0,143,95,139,95,109,75,229,9,12,24,31,44,254,255,205,20,56,26,162,5,41,0,152,1,19,4,232,3,0,0,208,7,0,0,184,11,0,0,160,15,0,0,0,0,0,0,0,0,0,0,0,0,0,0,0,0,0,0,0,0,0,0,0,0,0,0,0,0,0,0,0,0,0,0,0,0,0,0,0,0,0,0,0,0,0,0,0,0,0,0,0,0,0,0,0,0,0,0,0,0,0,0,0,0,0,0,0,0,0,0,0,0,0,0,0,0,0,0,0,0,0,5
2025-05-21 11:02:15.161708,61.292465686798096,255,255,8,21,2,0,144,95,140,95,113,75,237,9,27,24,34,44,254,255,203,20,55,26,177,5,40,0,152,1,20,4,232,3,0,0,208,7,0,0,184,11,0,0,160,15,0,0,0,0,0,0,0,0,0,0,0,0,0,0,0,0,0,0,0,0,0,0,0,0,0,0,0,0,0,0,0,0,0,0,0,0,0,0,0,0,0,0,0,0,0,0,0,0,0,0,0,0,0,0,0,0,0,0,0,0,0,0,0,0,0,0,0,0,0,0,0,0,0,0,0,0,0,0,0,0,0,5
2025-05-21 11:02:16.163568,62.29432535171509,255,255,24,21,2,0,145,95,139,95,116,75,243,9,41,24,39,44,254,255,206,20,52,26,192,5,41,0,152,1,21,4,232,3,0,0,208,7,0,0,184,11,0,0,160,15,0,0,0,0,0,0,0,0,0,0,0,0,0,0,0,0,0,0,0,0,0,0,0,0,0,0,0,0,0,0,0,0,0,0,0,0,0,0,0,0,0,0,0,0,0,0,0,0,0,0,0,0,0,0,0,0,0,0,0,0,0,0,0,0,0,0,0,0,0,0,0,0,0,0,0,0,0,0,0,0,0,5
2025-05-21 11:02:17.165392,63.296149492263794,255,255,39,21,2,0,144,95,139,95,111,75,250,9,54,24,53,44,254,255,207,20,52,26,206,5,41,0,152,1,21,4,232,3,0,0,208,7,0,0,184,11,0,0,160,15,0,0,0,0,0,0,0,0,0,0,0,0,0,0,0,0,0,0,0,0,0,0,0,0,0,0,0,0,0,0,0,0,0,0,0,0,0,0,0,0,0,0,0,0,0,0,0,0,0,0,0,0,0,0,0,0,0,0,0,0,0,0,0,0,0,0,0,0,0,0,0,0,0,0,0,0,0,0,0,0,0,5
2025-05-21 11:02:18.163762,64.29451990127563,0,0,54,21,2,0,145,95,138,95,100,75,0,10,67,24,58,44,254,255,208,20,48,26,221,5,40,0,152,1,22,4,232,3,0,0,208,7,0,0,184,11,0,0,160,15,0,0,0,0,0,0,0,0,0,0,0,0,0,0,0,0,0,0,0,0,0,0,0,0,0,0,0,0,0,0,0,0,0,0,0,0,0,0,0,0,0,0,0,0,0,0,0,0,0,0,0,0,0,0,0,0,0,0,0,0,0,0,0,0,0,0,0,0,0,0,0,0,0,0,0,0,0,0,0,0,0,5
2025-05-21 11:02:19.167130,65.29788732528687,255,255,67,21,2,0,142,95,138,95,94,75,7,10,80,24,58,44,254,255,211,20,45,26,235,5,40,0,152,1,22,4,232,3,0,0,208,7,0,0,184,11,0,0,160,15,0,0,0,0,0,0,0,0,0,0,0,0,0,0,0,0,0,0,0,0,0,0,0,0,0,0,0,0,0,0,0,0,0,0,0,0,0,0,0,0,0,0,0,0,0,0,0,0,0,0,0,0,0,0,0,0,0,0,0,0,0,0,0,0,0,0,0,0,0,0,0,0,0,0,0,0,0,0,0,0,0,5
2025-05-21 11:02:20.163293,66.2940502166748,0,0,81,21,2,0,144,95,139,95,97,75,13,10,93,24,60,44,254,255,210,20,44,26,250,5,40,0,152,1,23,4,232,3,0,0,208,7,0,0,184,11,0,0,160,15,0,0,0,0,0,0,0,0,0,0,0,0,0,0,0,0,0,0,0,0,0,0,0,0,0,0,0,0,0,0,0,0,0,0,0,0,0,0,0,0,0,0,0,0,0,0,0,0,0,0,0,0,0,0,0,0,0,0,0,0,0,0,0,0,0,0,0,0,0,0,0,0,0,0,0,0,0,0,0,0,0,5
2025-05-21 11:02:21.163487,67.29424381256104,255,255,94,21,2,0,144,95,140,95,104,75,19,10,105,24,63,44,254,255,214,20,41,26,8,6,40,0,152,1,24,4,232,3,0,0,208,7,0,0,184,11,0,0,160,15,0,0,0,0,0,0,0,0,0,0,0,0,0,0,0,0,0,0,0,0,0,0,0,0,0,0,0,0,0,0,0,0,0,0,0,0,0,0,0,0,0,0,0,0,0,0,0,0,0,0,0,0,0,0,0,0,0,0,0,0,0,0,0,0,0,0,0,0,0,0,0,0,0,0,0,0,0,0,0,0,0,5
2025-05-21 11:02:22.166565,68.2973222732544,0,0,108,21,2,0,144,95,138,95,90,75,25,10,115,24,70,44,254,255,213,20,40,26,22,6,41,0,152,1,25,4,232,3,0,0,208,7,0,0,184,11,0,0,160,15,0,0,0,0,0,0,0,0,0,0,0,0,0,0,0,0,0,0,0,0,0,0,0,0,0,0,0,0,0,0,0,0,0,0,0,0,0,0,0,0,0,0,0,0,0,0,0,0,0,0,0,0,0,0,0,0,0,0,0,0,0,0,0,0,0,0,0,0,0,0,0,0,0,0,0,0,0,0,0,0,0,5
2025-05-21 11:02:23.161340,69.29209756851196,0,0,120,21,2,0,144,95,140,95,78,75,31,10,127,24,73,44,254,255,214,20,38,26,36,6,41,0,152,1,26,4,232,3,0,0,208,7,0,0,184,11,0,0,160,15,0,0,0,0,0,0,0,0,0,0,0,0,0,0,0,0,0,0,0,0,0,0,0,0,0,0,0,0,0,0,0,0,0,0,0,0,0,0,0,0,0,0,0,0,0,0,0,0,0,0,0,0,0,0,0,0,0,0,0,0,0,0,0,0,0,0,0,0,0,0,0,0,0,0,0,0,0,0,0,0,0,5
2025-05-21 11:02:24.161578,70.29233479499817,255,255,132,21,2,0,143,95,139,95,86,75,36,10,138,24,74,44,254,255,215,20,35,26,50,6,41,0,153,1,26,4,232,3,0,0,208,7,0,0,184,11,0,0,160,15,0,0,0,0,0,0,0,0,0,0,0,0,0,0,0,0,0,0,0,0,0,0,0,0,0,0,0,0,0,0,0,0,0,0,0,0,0,0,0,0,0,0,0,0,0,0,0,0,0,0,0,0,0,0,0,0,0,0,0,0,0,0,0,0,0,0,0,0,0,0,0,0,0,0,0,0,0,0,0,0,0,5
2025-05-21 11:02:25.164931,71.29568815231323,0,0,143,21,2,0,144,95,139,95,98,75,41,10,149,24,76,44,254,255,217,20,32,26,63,6,41,0,153,1,27,4,232,3,0,0,208,7,0,0,184,11,0,0,160,15,0,0,0,0,0,0,0,0,0,0,0,0,0,0,0,0,0,0,0,0,0,0,0,0,0,0,0,0,0,0,0,0,0,0,0,0,0,0,0,0,0,0,0,0,0,0,0,0,0,0,0,0,0,0,0,0,0,0,0,0,0,0,0,0,0,0,0,0,0,0,0,0,0,0,0,0,0,0,0,0,0,5
2025-05-21 11:02:26.164624,72.29538154602051,0,0,155,21,2,0,143,95,140,95,96,75,47,10,159,24,78,44,254,255,217,20,32,26,77,6,40,0,153,1,28,4,232,3,0,0,208,7,0,0,184,11,0,0,160,15,0,0,0,0,0,0,0,0,0,0,0,0,0,0,0,0,0,0,0,0,0,0,0,0,0,0,0,0,0,0,0,0,0,0,0,0,0,0,0,0,0,0,0,0,0,0,0,0,0,0,0,0,0,0,0,0,0,0,0,0,0,0,0,0,0,0,0,0,0,0,0,0,0,0,0,0,0,0,0,0,0,5
2025-05-21 11:02:27.165976,73.29673314094543,255,255,166,21,2,0,144,95,139,95,83,75,51,10,168,24,90,44,254,255,218,20,31,26,91,6,40,0,153,1,29,4,232,3,0,0,208,7,0,0,184,11,0,0,160,15,0,0,0,0,0,0,0,0,0,0,0,0,0,0,0,0,0,0,0,0,0,0,0,0,0,0,0,0,0,0,0,0,0,0,0,0,0,0,0,0,0,0,0,0,0,0,0,0,0,0,0,0,0,0,0,0,0,0,0,0,0,0,0,0,0,0,0,0,0,0,0,0,0,0,0,0,0,0,0,0,0,5
2025-05-21 11:02:28.165611,74.29636788368225,255,255,177,21,3,0,144,95,140,95,80,75,57,10,178,24,88,44,254,255,217,20,29,26,103,6,40,0,153,1,29,4,232,3,0,0,208,7,0,0,184,11,0,0,160,15,0,0,0,0,0,0,0,0,0,0,0,0,0,0,0,0,0,0,0,0,0,0,0,0,0,0,0,0,0,0,0,0,0,0,0,0,0,0,0,0,0,0,0,0,0,0,0,0,0,0,0,0,0,0,0,0,0,0,0,0,0,0,0,0,0,0,0,0,0,0,0,0,0,0,0,0,0,0,0,0,0,5
2025-05-21 11:02:29.160911,75.29869985580444,255,255,187,21,2,0,142,95,138,95,75,75,61,10,187,24,87,44,254,255,221,20,27,26,116,6,41,0,153,1,30,4,232,3,0,0,208,7,0,0,184,11,0,0,160,15,0,0,0,0,0,0,0,0,0,0,0,0,0,0,0,0,0,0,0,0,0,0,0,0,0,0,0,0,0,0,0,0,0,0,0,0,0,0,0,0,0,0,0,0,0,0,0,0,0,0,0,0,0,0,0,0,0,0,0,0,0,0,0,0,0,0,0,0,0,0,0,0,0,0,0,0,0,0,0,0,0,5
2025-05-21 11:02:30.165540,76.29629755020142,0,0,197,21,2,0,142,95,138,95,75,75,66,10,197,24,86,44,254,255,222,20,26,26,129,6,41,0,153,1,30,4,232,3,0,0,208,7,0,0,184,11,0,0,160,15,0,0,0,0,0,0,0,0,0,0,0,0,0,0,0,0,0,0,0,0,0,0,0,0,0,0,0,0,0,0,0,0,0,0,0,0,0,0,0,0,0,0,0,0,0,0,0,0,0,0,0,0,0,0,0,0,0,0,0,0,0,0,0,0,0,0,0,0,0,0,0,0,0,0,0,0,0,0,0,0,0,5
2025-05-21 11:02:31.161058,77.298837184906,0,0,208,21,2,0,142,95,138,95,70,75,70,10,204,24,91,44,254,255,222,20,24,26,141,6,41,0,153,1,31,4,232,3,0,0,208,7,0,0,184,11,0,0,160,15,0,0,0,0,0,0,0,0,0,0,0,0,0,0,0,0,0,0,0,0,0,0,0,0,0,0,0,0,0,0,0,0,0,0,0,0,0,0,0,0,0,0,0,0,0,0,0,0,0,0,0,0,0,0,0,0,0,0,0,0,0,0,0,0,0,0,0,0,0,0,0,0,0,0,0,0,0,0,0,0,0,5
2025-05-21 11:02:32.162451,78.29320812225342,255,255,217,21,2,0,143,95,136,95,54,75,74,10,213,24,95,44,254,255,223,20,21,26,154,6,40,0,153,1,32,4,232,3,0,0,208,7,0,0,184,11,0,0,160,15,0,0,0,0,0,0,0,0,0,0,0,0,0,0,0,0,0,0,0,0,0,0,0,0,0,0,0,0,0,0,0,0,0,0,0,0,0,0,0,0,0,0,0,0,0,0,0,0,0,0,0,0,0,0,0,0,0,0,0,0,0,0,0,0,0,0,0,0,0,0,0,0,0,0,0,0,0,0,0,0,0,5
2025-05-21 11:02:33.165134,79.29589104652405,255,255,226,21,3,0,144,95,139,95,49,75,79,10,222,24,94,44,254,255,227,20,19,26,166,6,40,0,154,1,33,4,232,3,0,0,208,7,0,0,184,11,0,0,160,15,0,0,0,0,0,0,0,0,0,0,0,0,0,0,0,0,0,0,0,0,0,0,0,0,0,0,0,0,0,0,0,0,0,0,0,0,0,0,0,0,0,0,0,0,0,0,0,0,0,0,0,0,0,0,0,0,0,0,0,0,0,0,0,0,0,0,0,0,0,0,0,0,0,0,0,0,0,0,0,0,0,5
2025-05-21 11:02:34.166688,80.29744529724121,0,0,235,21,3,0,143,95,138,95,54,75,83,10,230,24,95,44,254,255,227,20,18,26,178,6,40,0,153,1,33,4,232,3,0,0,208,7,0,0,184,11,0,0,160,15,0,0,0,0,0,0,0,0,0,0,0,0,0,0,0,0,0,0,0,0,0,0,0,0,0,0,0,0,0,0,0,0,0,0,0,0,0,0,0,0,0,0,0,0,0,0,0,0,0,0,0,0,0,0,0,0,0,0,0,0,0,0,0,0,0,0,0,0,0,0,0,0,0,0,0,0,0,0,0,0,0,5
2025-05-21 11:02:35.163615,81.29437255859375,255,255,244,21,2,0,142,95,137,95,59,75,86,10,238,24,94,44,254,255,230,20,16,26,190,6,40,0,153,1,34,4,232,3,0,0,208,7,0,0,184,11,0,0,160,15,0,0,0,0,0,0,0,0,0,0,0,0,0,0,0,0,0,0,0,0,0,0,0,0,0,0,0,0,0,0,0,0,0,0,0,0,0,0,0,0,0,0,0,0,0,0,0,0,0,0,0,0,0,0,0,0,0,0,0,0,0,0,0,0,0,0,0,0,0,0,0,0,0,0,0,0,0,0,0,0,0,5
2025-05-21 11:02:36.166673,82.29743075370789,255,255,253,21,2,0,143,95,138,95,43,75,90,10,245,24,100,44,254,255,229,20,15,26,202,6,40,0,153,1,34,4,232,3,0,0,208,7,0,0,184,11,0,0,160,15,0,0,0,0,0,0,0,0,0,0,0,0,0,0,0,0,0,0,0,0,0,0,0,0,0,0,0,0,0,0,0,0,0,0,0,0,0,0,0,0,0,0,0,0,0,0,0,0,0,0,0,0,0,0,0,0,0,0,0,0,0,0,0,0,0,0,0,0,0,0,0,0,0,0,0,0,0,0,0,0,0,5
2025-05-21 11:02:37.167483,83.29824018478394,0,0,6,22,3,0,143,95,138,95,31,75,94,10,252,24,102,44,254,255,231,20,13,26,213,6,40,0,153,1,35,4,232,3,0,0,208,7,0,0,184,11,0,0,160,15,0,0,0,0,0,0,0,0,0,0,0,0,0,0,0,0,0,0,0,0,0,0,0,0,0,0,0,0,0,0,0,0,0,0,0,0,0,0,0,0,0,0,0,0,0,0,0,0,0,0,0,0,0,0,0,0,0,0,0,0,0,0,0,0,0,0,0,0,0,0,0,0,0,0,0,0,0,0,0,0,0,5
2025-05-21 11:02:38.168196,84.29895329475403,0,0,14,22,2,0,144,95,139,95,35,75,98,10,4,25,101,44,254,255,230,20,12,26,225,6,41,0,154,1,36,4,232,3,0,0,208,7,0,0,184,11,0,0,160,15,0,0,0,0,0,0,0,0,0,0,0,0,0,0,0,0,0,0,0,0,0,0,0,0,0,0,0,0,0,0,0,0,0,0,0,0,0,0,0,0,0,0,0,0,0,0,0,0,0,0,0,0,0,0,0,0,0,0,0,0,0,0,0,0,0,0,0,0,0,0,0,0,0,0,0,0,0,0,0,0,0,5
2025-05-21 11:02:39.168172,85.29892921447754,255,255,22,22,2,0,143,95,138,95,40,75,102,10,11,25,100,44,254,255,232,20,11,26,236,6,40,0,153,1,37,4,232,3,0,0,208,7,0,0,184,11,0,0,160,15,0,0,0,0,0,0,0,0,0,0,0,0,0,0,0,0,0,0,0,0,0,0,0,0,0,0,0,0,0,0,0,0,0,0,0,0,0,0,0,0,0,0,0,0,0,0,0,0,0,0,0,0,0,0,0,0,0,0,0,0,0,0,0,0,0,0,0,0,0,0,0,0,0,0,0,0,0,0,0,0,0,5
2025-05-21 11:02:40.165145,86.29590249061584,0,0,29,22,2,0,142,95,139,95,34,75,105,10,17,25,100,44,254,255,233,20,9,26,247,6,40,0,154,1,37,4,232,3,0,0,208,7,0,0,184,11,0,0,160,15,0,0,0,0,0,0,0,0,0,0,0,0,0,0,0,0,0,0,0,0,0,0,0,0,0,0,0,0,0,0,0,0,0,0,0,0,0,0,0,0,0,0,0,0,0,0,0,0,0,0,0,0,0,0,0,0,0,0,0,0,0,0,0,0,0,0,0,0,0,0,0,0,0,0,0,0,0,0,0,0,0,5
2025-05-21 11:02:41.164800,87.29555678367615,0,0,38,22,2,0,142,95,138,95,16,75,109,10,24,25,107,44,254,255,234,20,8,26,2,7,40,0,154,1,38,4,232,3,0,0,208,7,0,0,184,11,0,0,160,15,0,0,0,0,0,0,0,0,0,0,0,0,0,0,0,0,0,0,0,0,0,0,0,0,0,0,0,0,0,0,0,0,0,0,0,0,0,0,0,0,0,0,0,0,0,0,0,0,0,0,0,0,0,0,0,0,0,0,0,0,0,0,0,0,0,0,0,0,0,0,0,0,0,0,0,0,0,0,0,0,0,5
2025-05-21 11:02:42.164590,88.2953474521637,255,255,45,22,2,0,143,95,138,95,9,75,112,10,30,25,103,44,254,255,234,20,7,26,13,7,40,0,154,1,38,4,232,3,0,0,208,7,0,0,184,11,0,0,160,15,0,0,0,0,0,0,0,0,0,0,0,0,0,0,0,0,0,0,0,0,0,0,0,0,0,0,0,0,0,0,0,0,0,0,0,0,0,0,0,0,0,0,0,0,0,0,0,0,0,0,0,0,0,0,0,0,0,0,0,0,0,0,0,0,0,0,0,0,0,0,0,0,0,0,0,0,0,0,0,0,0,5
2025-05-21 11:02:43.163157,89.29391431808472,0,0,52,22,3,0,143,95,138,95,5,75,116,10,36,25,104,44,254,255,235,20,4,26,23,7,40,0,154,1,39,4,232,3,0,0,208,7,0,0,184,11,0,0,160,15,0,0,0,0,0,0,0,0,0,0,0,0,0,0,0,0,0,0,0,0,0,0,0,0,0,0,0,0,0,0,0,0,0,0,0,0,0,0,0,0,0,0,0,0,0,0,0,0,0,0,0,0,0,0,0,0,0,0,0,0,0,0,0,0,0,0,0,0,0,0,0,0,0,0,0,0,0,0,0,0,0,5
2025-05-21 11:02:44.165213,90.29596996307373,0,0,59,22,2,0,142,95,139,95,6,75,119,10,42,25,103,44,254,255,237,20,3,26,34,7,40,0,154,1,39,4,232,3,0,0,208,7,0,0,184,11,0,0,160,15,0,0,0,0,0,0,0,0,0,0,0,0,0,0,0,0,0,0,0,0,0,0,0,0,0,0,0,0,0,0,0,0,0,0,0,0,0,0,0,0,0,0,0,0,0,0,0,0,0,0,0,0,0,0,0,0,0,0,0,0,0,0,0,0,0,0,0,0,0,0,0,0,0,0,0,0,0,0,0,0,0,5
2025-05-21 11:02:45.167653,91.29840993881226,0,0,67,22,2,0,143,95,139,95,252,74,122,10,48,25,106,44,254,255,237,20,1,26,44,7,40,0,154,1,40,4,232,3,0,0,208,7,0,0,184,11,0,0,160,15,0,0,0,0,0,0,0,0,0,0,0,0,0,0,0,0,0,0,0,0,0,0,0,0,0,0,0,0,0,0,0,0,0,0,0,0,0,0,0,0,0,0,0,0,0,0,0,0,0,0,0,0,0,0,0,0,0,0,0,0,0,0,0,0,0,0,0,0,0,0,0,0,0,0,0,0,0,0,0,0,0,5
2025-05-21 11:02:46.168359,92.29911637306213,0,0,73,22,2,0,142,95,138,95,241,74,125,10,54,25,107,44,254,255,236,20,0,26,54,7,40,0,154,1,40,4,232,3,0,0,208,7,0,0,184,11,0,0,160,15,0,0,0,0,0,0,0,0,0,0,0,0,0,0,0,0,0,0,0,0,0,0,0,0,0,0,0,0,0,0,0,0,0,0,0,0,0,0,0,0,0,0,0,0,0,0,0,0,0,0,0,0,0,0,0,0,0,0,0,0,0,0,0,0,0,0,0,0,0,0,0,0,0,0,0,0,0,0,0,0,0,5
2025-05-21 11:02:47.164361,93.29511857032776,0,0,80,22,2,0,142,95,138,95,239,74,127,10,60,25,106,44,254,255,238,20,252,25,65,7,40,0,154,1,41,4,232,3,0,0,208,7,0,0,184,11,0,0,160,15,0,0,0,0,0,0,0,0,0,0,0,0,0,0,0,0,0,0,0,0,0,0,0,0,0,0,0,0,0,0,0,0,0,0,0,0,0,0,0,0,0,0,0,0,0,0,0,0,0,0,0,0,0,0,0,0,0,0,0,0,0,0,0,0,0,0,0,0,0,0,0,0,0,0,0,0,0,0,0,0,0,5
2025-05-21 11:02:48.164694,94.29545092582703,0,0,86,22,2,0,141,95,137,95,241,74,130,10,65,25,106,44,254,255,239,20,252,25,75,7,41,0,154,1,41,4,232,3,0,0,208,7,0,0,184,11,0,0,160,15,0,0,0,0,0,0,0,0,0,0,0,0,0,0,0,0,0,0,0,0,0,0,0,0,0,0,0,0,0,0,0,0,0,0,0,0,0,0,0,0,0,0,0,0,0,0,0,0,0,0,0,0,0,0,0,0,0,0,0,0,0,0,0,0,0,0,0,0,0,0,0,0,0,0,0,0,0,0,0,0,0,5
2025-05-21 11:02:49.168500,95.29925727844238,0,0,92,22,2,0,142,95,139,95,242,74,133,10,71,25,103,44,254,255,240,20,251,25,85,7,40,0,154,1,42,4,232,3,0,0,208,7,0,0,184,11,0,0,160,15,0,0,0,0,0,0,0,0,0,0,0,0,0,0,0,0,0,0,0,0,0,0,0,0,0,0,0,0,0,0,0,0,0,0,0,0,0,0,0,0,0,0,0,0,0,0,0,0,0,0,0,0,0,0,0,0,0,0,0,0,0,0,0,0,0,0,0,0,0,0,0,0,0,0,0,0,0,0,0,0,0,5
2025-05-21 11:02:50.164754,96.29551148414612,0,0,99,22,2,0,143,95,139,95,226,74,136,10,76,25,109,44,254,255,241,20,250,25,94,7,40,0,154,1,43,4,232,3,0,0,208,7,0,0,184,11,0,0,160,15,0,0,0,0,0,0,0,0,0,0,0,0,0,0,0,0,0,0,0,0,0,0,0,0,0,0,0,0,0,0,0,0,0,0,0,0,0,0,0,0,0,0,0,0,0,0,0,0,0,0,0,0,0,0,0,0,0,0,0,0,0,0,0,0,0,0,0,0,0,0,0,0,0,0,0,0,0,0,0,0,0,5
2025-05-21 11:02:51.164038,97.2947952747345,255,255,105,22,2,0,142,95,138,95,219,74,139,10,80,25,106,44,254,255,242,20,248,25,103,7,40,0,154,1,44,4,232,3,0,0,208,7,0,0,184,11,0,0,160,15,0,0,0,0,0,0,0,0,0,0,0,0,0,0,0,0,0,0,0,0,0,0,0,0,0,0,0,0,0,0,0,0,0,0,0,0,0,0,0,0,0,0,0,0,0,0,0,0,0,0,0,0,0,0,0,0,0,0,0,0,0,0,0,0,0,0,0,0,0,0,0,0,0,0,0,0,0,0,0,0,0,5
2025-05-21 11:02:52.167136,98.29789352416992,0,0,111,22,3,0,142,95,138,95,221,74,141,10,86,25,107,44,254,255,245,20,248,25,113,7,40,0,154,1,44,4,232,3,0,0,208,7,0,0,184,11,0,0,160,15,0,0,0,0,0,0,0,0,0,0,0,0,0,0,0,0,0,0,0,0,0,0,0,0,0,0,0,0,0,0,0,0,0,0,0,0,0,0,0,0,0,0,0,0,0,0,0,0,0,0,0,0,0,0,0,0,0,0,0,0,0,0,0,0,0,0,0,0,0,0,0,0,0,0,0,0,0,0,0,0,0,5
2025-05-21 11:02:53.163168,99.29392528533936,255,255,117,22,3,0,142,95,137,95,223,74,144,10,91,25,105,44,254,255,247,20,246,25,123,7,40,0,154,1,44,4,232,3,0,0,208,7,0,0,184,11,0,0,160,15,0,0,0,0,0,0,0,0,0,0,0,0,0,0,0,0,0,0,0,0,0,0,0,0,0,0,0,0,0,0,0,0,0,0,0,0,0,0,0,0,0,0,0,0,0,0,0,0,0,0,0,0,0,0,0,0,0,0,0,0,0,0,0,0,0,0,0,0,0,0,0,0,0,0,0,0,0,0,0,0,0,5
2025-05-21 11:02:54.168509,100.29926657676697,0,0,123,22,2,0,142,95,136,95,215,74,146,10,95,25,103,44,254,255,248,20,246,25,132,7,40,0,154,1,45,4,232,3,0,0,208,7,0,0,184,11,0,0,160,15,0,0,0,0,0,0,0,0,0,0,0,0,0,0,0,0,0,0,0,0,0,0,0,0,0,0,0,0,0,0,0,0,0,0,0,0,0,0,0,0,0,0,0,0,0,0,0,0,0,0,0,0,0,0,0,0,0,0,0,0,0,0,0,0,0,0,0,0,0,0,0,0,0,0,0,0,0,0,0,0,0,5
2025-05-21 11:02:55.163266,101.29402327537537,255,255,128,22,2,0,140,95,135,95,204,74,148,10,99,25,104,44,254,255,248,20,245,25,141,7,40,0,154,1,46,4,232,3,0,0,208,7,0,0,184,11,0,0,160,15,0,0,0,0,0,0,0,0,0,0,0,0,0,0,0,0,0,0,0,0,0,0,0,0,0,0,0,0,0,0,0,0,0,0,0,0,0,0,0,0,0,0,0,0,0,0,0,0,0,0,0,0,0,0,0,0,0,0,0,0,0,0,0,0,0,0,0,0,0,0,0,0,0,0,0,0,0,0,0,0,0,5
2025-05-21 11:02:56.164193,102.29495072364807,255,255,134,22,2,0,143,95,138,95,201,74,151,10,104,25,104,44,254,255,248,20,245,25,150,7,40,0,154,1,46,4,232,3,0,0,208,7,0,0,184,11,0,0,160,15,0,0,0,0,0,0,0,0,0,0,0,0,0,0,0,0,0,0,0,0,0,0,0,0,0,0,0,0,0,0,0,0,0,0,0,0,0,0,0,0,0,0,0,0,0,0,0,0,0,0,0,0,0,0,0,0,0,0,0,0,0,0,0,0,0,0,0,0,0,0,0,0,0,0,0,0,0,0,0,0,0,5
2025-05-21 11:02:57.165954,103.29671168327332,0,0,140,22,3,0,142,95,138,95,193,74,154,10,108,25,109,44,254,255,250,20,243,25,159,7,40,0,153,1,46,4,232,3,0,0,208,7,0,0,184,11,0,0,160,15,0,0,0,0,0,0,0,0,0,0,0,0,0,0,0,0,0,0,0,0,0,0,0,0,0,0,0,0,0,0,0,0,0,0,0,0,0,0,0,0,0,0,0,0,0,0,0,0,0,0,0,0,0,0,0,0,0,0,0,0,0,0,0,0,0,0,0,0,0,0,0,0,0,0,0,0,0,0,0,0,0,5
2025-05-21 11:02:58.164284,104.29504132270813,0,0,146,22,2,0,145,95,138,95,191,74,156,10,113,25,104,44,254,255,252,20,242,25,168,7,40,0,154,1,47,4,232,3,0,0,208,7,0,0,184,11,0,0,160,15,0,0,0,0,0,0,0,0,0,0,0,0,0,0,0,0,0,0,0,0,0,0,0,0,0,0,0,0,0,0,0,0,0,0,0,0,0,0,0,0,0,0,0,0,0,0,0,0,0,0,0,0,0,0,0,0,0,0,0,0,0,0,0,0,0,0,0,0,0,0,0,0,0,0,0,0,0,0,0,0,0,5
2025-05-21 11:02:59.164865,105.29562211036682,255,255,151,22,2,0,143,95,138,95,183,74,158,10,116,25,104,44,254,255,251,20,239,25,177,7,41,0,154,1,47,4,232,3,0,0,208,7,0,0,184,11,0,0,160,15,0,0,0,0,0,0,0,0,0,0,0,0,0,0,0,0,0,0,0,0,0,0,0,0,0,0,0,0,0,0,0,0,0,0,0,0,0,0,0,0,0,0,0,0,0,0,0,0,0,0,0,0,0,0,0,0,0,0,0,0,0,0,0,0,0,0,0,0,0,0,0,0,0,0,0,0,0,0,0,0,0,5
2025-05-21 11:03:00.164221,106.2949788570404,0,0,156,22,2,0,143,95,138,95,184,74,160,10,121,25,102,44,254,255,254,20,239,25,186,7,40,0,154,1,48,4,232,3,0,0,208,7,0,0,184,11,0,0,160,15,0,0,0,0,0,0,0,0,0,0,0,0,0,0,0,0,0,0,0,0,0,0,0,0,0,0,0,0,0,0,0,0,0,0,0,0,0,0,0,0,0,0,0,0,0,0,0,0,0,0,0,0,0,0,0,0,0,0,0,0,0,0,0,0,0,0,0,0,0,0,0,0,0,0,0,0,0,0,0,0,0,5
2025-05-21 11:03:01.163883,107.29464030265808,255,255,161,22,2,0,143,95,138,95,175,74,162,10,124,25,103,44,254,255,254,20,237,25,194,7,40,0,154,1,48,4,232,3,0,0,208,7,0,0,184,11,0,0,160,15,0,0,0,0,0,0,0,0,0,0,0,0,0,0,0,0,0,0,0,0,0,0,0,0,0,0,0,0,0,0,0,0,0,0,0,0,0,0,0,0,0,0,0,0,0,0,0,0,0,0,0,0,0,0,0,0,0,0,0,0,0,0,0,0,0,0,0,0,0,0,0,0,0,0,0,0,0,0,0,0,0,5
2025-05-21 11:03:02.165331,108.2960889339447,0,0,166,22,2,0,141,95,138,95,156,74,164,10,128,25,106,44,254,255,254,20,236,25,203,7,40,0,154,1,48,4,232,3,0,0,208,7,0,0,184,11,0,0,160,15,0,0,0,0,0,0,0,0,0,0,0,0,0,0,0,0,0,0,0,0,0,0,0,0,0,0,0,0,0,0,0,0,0,0,0,0,0,0,0,0,0,0,0,0,0,0,0,0,0,0,0,0,0,0,0,0,0,0,0,0,0,0,0,0,0,0,0,0,0,0,0,0,0,0,0,0,0,0,0,0,0,5
2025-05-21 11:03:03.168604,109.29936099052429,255,255,171,22,3,0,142,95,138,95,157,74,167,10,132,25,102,44,254,255,255,20,234,25,211,7,40,0,154,1,49,4,232,3,0,0,208,7,0,0,184,11,0,0,160,15,0,0,0,0,0,0,0,0,0,0,0,0,0,0,0,0,0,0,0,0,0,0,0,0,0,0,0,0,0,0,0,0,0,0,0,0,0,0,0,0,0,0,0,0,0,0,0,0,0,0,0,0,0,0,0,0,0,0,0,0,0,0,0,0,0,0,0,0,0,0,0,0,0,0,0,0,0,0,0,0,0,5
2025-05-21 11:03:04.162504,110.29326152801514,0,0,175,22,3,0,143,95,138,95,177,74,170,10,135,25,100,44,254,255,1,21,232,25,219,7,40,0,154,1,50,4,232,3,0,0,208,7,0,0,184,11,0,0,160,15,0,0,0,0,0,0,0,0,0,0,0,0,0,0,0,0,0,0,0,0,0,0,0,0,0,0,0,0,0,0,0,0,0,0,0,0,0,0,0,0,0,0,0,0,0,0,0,0,0,0,0,0,0,0,0,0,0,0,0,0,0,0,0,0,0,0,0,0,0,0,0,0,0,0,0,0,0,0,0,0,0,5
2025-05-21 11:03:05.164656,111.29541373252869,0,0,180,22,2,0,142,95,137,95,184,74,171,10,139,25,96,44,254,255,2,21,232,25,228,7,41,0,154,1,50,4,232,3,0,0,208,7,0,0,184,11,0,0,160,15,0,0,0,0,0,0,0,0,0,0,0,0,0,0,0,0,0,0,0,0,0,0,0,0,0,0,0,0,0,0,0,0,0,0,0,0,0,0,0,0,0,0,0,0,0,0,0,0,0,0,0,0,0,0,0,0,0,0,0,0,0,0,0,0,0,0,0,0,0,0,0,0,0,0,0,0,0,0,0,0,0,5
2025-05-21 11:03:06.166578,112.2973358631134,0,0,185,22,2,0,142,95,139,95,168,74,173,10,142,25,99,44,254,255,5,21,231,25,236,7,40,0,154,1,51,4,232,3,0,0,208,7,0,0,184,11,0,0,160,15,0,0,0,0,0,0,0,0,0,0,0,0,0,0,0,0,0,0,0,0,0,0,0,0,0,0,0,0,0,0,0,0,0,0,0,0,0,0,0,0,0,0,0,0,0,0,0,0,0,0,0,0,0,0,0,0,0,0,0,0,0,0,0,0,0,0,0,0,0,0,0,0,0,0,0,0,0,0,0,0,0,5
2025-05-21 11:03:07.166189,113.29694676399231,255,255,189,22,2,0,143,95,138,95,152,74,175,10,145,25,101,44,254,255,4,21,232,25,244,7,40,0,154,1,51,4,232,3,0,0,208,7,0,0,184,11,0,0,160,15,0,0,0,0,0,0,0,0,0,0,0,0,0,0,0,0,0,0,0,0,0,0,0,0,0,0,0,0,0,0,0,0,0,0,0,0,0,0,0,0,0,0,0,0,0,0,0,0,0,0,0,0,0,0,0,0,0,0,0,0,0,0,0,0,0,0,0,0,0,0,0,0,0,0,0,0,0,0,0,0,0,5
2025-05-21 11:03:08.164463,114.29522061347961,255,255,194,22,2,0,142,95,138,95,154,74,177,10,147,25,97,44,254,255,4,21,229,25,252,7,40,0,154,1,51,4,232,3,0,0,208,7,0,0,184,11,0,0,160,15,0,0,0,0,0,0,0,0,0,0,0,0,0,0,0,0,0,0,0,0,0,0,0,0,0,0,0,0,0,0,0,0,0,0,0,0,0,0,0,0,0,0,0,0,0,0,0,0,0,0,0,0,0,0,0,0,0,0,0,0,0,0,0,0,0,0,0,0,0,0,0,0,0,0,0,0,0,0,0,0,0,5
2025-05-21 11:03:09.165886,115.29664301872253,0,0,198,22,2,0,141,95,138,95,155,74,178,10,151,25,95,44,254,255,5,21,229,25,4,8,40,0,154,1,52,4,232,3,0,0,208,7,0,0,184,11,0,0,160,15,0,0,0,0,0,0,0,0,0,0,0,0,0,0,0,0,0,0,0,0,0,0,0,0,0,0,0,0,0,0,0,0,0,0,0,0,0,0,0,0,0,0,0,0,0,0,0,0,0,0,0,0,0,0,0,0,0,0,0,0,0,0,0,0,0,0,0,0,0,0,0,0,0,0,0,0,0,0,0,0,0,5
2025-05-21 11:03:10.164227,116.29498434066772,255,255,203,22,2,0,142,95,138,95,150,74,180,10,154,25,91,44,254,255,7,21,229,25,12,8,40,0,154,1,53,4,232,3,0,0,208,7,0,0,184,11,0,0,160,15,0,0,0,0,0,0,0,0,0,0,0,0,0,0,0,0,0,0,0,0,0,0,0,0,0,0,0,0,0,0,0,0,0,0,0,0,0,0,0,0,0,0,0,0,0,0,0,0,0,0,0,0,0,0,0,0,0,0,0,0,0,0,0,0,0,0,0,0,0,0,0,0,0,0,0,0,0,0,0,0,0,5
2025-05-21 11:03:11.167744,117.2985007762909,255,255,207,22,2,0,140,95,136,95,134,74,182,10,157,25,93,44,254,255,9,21,227,25,19,8,41,0,154,1,53,4,232,3,0,0,208,7,0,0,184,11,0,0,160,15,0,0,0,0,0,0,0,0,0,0,0,0,0,0,0,0,0,0,0,0,0,0,0,0,0,0,0,0,0,0,0,0,0,0,0,0,0,0,0,0,0,0,0,0,0,0,0,0,0,0,0,0,0,0,0,0,0,0,0,0,0,0,0,0,0,0,0,0,0,0,0,0,0,0,0,0,0,0,0,0,0,5
2025-05-21 11:03:12.163229,118.2939863204956,255,255,212,22,2,0,142,95,139,95,128,74,184,10,161,25,92,44,254,255,10,21,227,25,26,8,40,0,153,1,53,4,232,3,0,0,208,7,0,0,184,11,0,0,160,15,0,0,0,0,0,0,0,0,0,0,0,0,0,0,0,0,0,0,0,0,0,0,0,0,0,0,0,0,0,0,0,0,0,0,0,0,0,0,0,0,0,0,0,0,0,0,0,0,0,0,0,0,0,0,0,0,0,0,0,0,0,0,0,0,0,0,0,0,0,0,0,0,0,0,0,0,0,0,0,0,0,5
2025-05-21 11:03:13.165392,119.29614973068237,0,0,216,22,2,0,141,95,138,95,116,74,186,10,163,25,92,44,254,255,11,21,225,25,34,8,40,0,154,1,54,4,232,3,0,0,208,7,0,0,184,11,0,0,160,15,0,0,0,0,0,0,0,0,0,0,0,0,0,0,0,0,0,0,0,0,0,0,0,0,0,0,0,0,0,0,0,0,0,0,0,0,0,0,0,0,0,0,0,0,0,0,0,0,0,0,0,0,0,0,0,0,0,0,0,0,0,0,0,0,0,0,0,0,0,0,0,0,0,0,0,0,0,0,0,0,0,5
