Timestamp,Data
2025-11-21 22:12:09.125250,0,0,94,7,5,0,75,98,70,98,41,50,76,3,64,6,61,36,253,255,248,81,80,21,186,7,21,0,166,0,217,5,232,3,0,0,208,7,0,0,184,11,0,0,160,15,0,0,0,0,0,0,0,0,0,0,0,0,0,0,0,0,0,0,0,0,0,0,0,0,0,0,0,0,0,0,0,0,0,0,0,0,0,0,0,0,0,0,0,0,0,0,0,0,0,0,0,0,0,0,0,0,0,0,0,0,0,0,0,0,0,0,0,0,0,0,0,0,0,0,0,0,0,0,0,0,0,5
2025-11-21 22:12:10.782950,0,0,73,7,4,0,65,98,62,98,0,50,70,3,41,6,19,36,253,255,72,98,87,21,170,7,22,0,169,0,219,5,232,3,0,0,208,7,0,0,184,11,0,0,160,15,0,0,0,0,0,0,0,0,0,0,0,0,0,0,0,0,0,0,0,0,0,0,0,0,0,0,0,0,0,0,0,0,0,0,0,0,0,0,0,0,0,0,0,0,0,0,0,0,0,0,0,0,0,0,0,0,0,0,0,0,0,0,0,0,0,0,0,0,0,0,0,0,0,0,0,0,0,0,0,0,0,5
2025-11-21 22:12:11.783011,0,0,54,7,4,0,67,98,63,98,40,50,64,3,27,6,12,36,253,255,72,98,42,21,160,7,23,0,170,0,219,5,232,3,0,0,208,7,0,0,184,11,0,0,160,15,0,0,0,0,0,0,0,0,0,0,0,0,0,0,0,0,0,0,0,0,0,0,0,0,0,0,0,0,0,0,0,0,0,0,0,0,0,0,0,0,0,0,0,0,0,0,0,0,0,0,0,0,0,0,0,0,0,0,0,0,0,0,0,0,0,0,0,0,0,0,0,0,0,0,0,0,0,0,0,0,0,5
2025-11-21 22:12:12.782940,0,0,37,7,4,0,66,98,62,98,203,50,59,3,16,6,17,36,254,255,72,98,196,20,149,7,23,0,172,0,219,5,232,3,0,0,208,7,0,0,184,11,0,0,160,15,0,0,0,0,0,0,0,0,0,0,0,0,0,0,0,0,0,0,0,0,0,0,0,0,0,0,0,0,0,0,0,0,0,0,0,0,0,0,0,0,0,0,0,0,0,0,0,0,0,0,0,0,0,0,0,0,0,0,0,0,0,0,0,0,0,0,0,0,0,0,0,0,0,0,0,0,0,0,0,0,0,5
2025-11-21 22:12:13.782961,0,0,22,7,4,0,67,98,63,98,155,51,54,3,5,6,20,36,253,255,72,98,87,20,141,7,23,0,173,0,219,5,232,3,0,0,208,7,0,0,184,11,0,0,160,15,0,0,0,0,0,0,0,0,0,0,0,0,0,0,0,0,0,0,0,0,0,0,0,0,0,0,0,0,0,0,0,0,0,0,0,0,0,0,0,0,0,0,0,0,0,0,0,0,0,0,0,0,0,0,0,0,0,0,0,0,0,0,0,0,0,0,0,0,0,0,0,0,0,0,0,0,0,0,0,0,0,5
2025-11-21 22:12:14.782955,0,0,9,7,4,0,67,98,63,98,160,52,49,3,252,5,28,36,254,255,73,98,239,19,134,7,24,0,173,0,220,5,232,3,0,0,208,7,0,0,184,11,0,0,160,15,0,0,0,0,0,0,0,0,0,0,0,0,0,0,0,0,0,0,0,0,0,0,0,0,0,0,0,0,0,0,0,0,0,0,0,0,0,0,0,0,0,0,0,0,0,0,0,0,0,0,0,0,0,0,0,0,0,0,0,0,0,0,0,0,0,0,0,0,0,0,0,0,0,0,0,0,0,0,0,0,0,5
2025-11-21 22:12:15.782961,0,0,253,6,4,0,67,98,63,98,228,53,45,3,242,5,32,36,254,255,72,98,155,19,129,7,24,0,174,0,220,5,232,3,0,0,208,7,0,0,184,11,0,0,160,15,0,0,0,0,0,0,0,0,0,0,0,0,0,0,0,0,0,0,0,0,0,0,0,0,0,0,0,0,0,0,0,0,0,0,0,0,0,0,0,0,0,0,0,0,0,0,0,0,0,0,0,0,0,0,0,0,0,0,0,0,0,0,0,0,0,0,0,0,0,0,0,0,0,0,0,0,0,0,0,0,0,5
2025-11-21 22:12:16.782992,0,0,240,6,4,0,67,98,64,98,57,55,39,3,232,5,31,36,253,255,72,98,91,19,125,7,24,0,174,0,220,5,232,3,0,0,208,7,0,0,184,11,0,0,160,15,0,0,0,0,0,0,0,0,0,0,0,0,0,0,0,0,0,0,0,0,0,0,0,0,0,0,0,0,0,0,0,0,0,0,0,0,0,0,0,0,0,0,0,0,0,0,0,0,0,0,0,0,0,0,0,0,0,0,0,0,0,0,0,0,0,0,0,0,0,0,0,0,0,0,0,0,0,0,0,0,0,5
2025-11-21 22:12:17.782968,0,0,228,6,4,0,67,98,64,98,135,56,35,3,221,5,30,36,253,255,73,98,39,19,123,7,24,0,174,0,220,5,232,3,0,0,208,7,0,0,184,11,0,0,160,15,0,0,0,0,0,0,0,0,0,0,0,0,0,0,0,0,0,0,0,0,0,0,0,0,0,0,0,0,0,0,0,0,0,0,0,0,0,0,0,0,0,0,0,0,0,0,0,0,0,0,0,0,0,0,0,0,0,0,0,0,0,0,0,0,0,0,0,0,0,0,0,0,0,0,0,0,0,0,0,0,0,5
2025-11-21 22:12:18.782962,0,0,216,6,4,0,68,98,65,98,184,57,30,3,208,5,26,36,254,255,71,98,251,18,121,7,24,0,174,0,220,5,232,3,0,0,208,7,0,0,184,11,0,0,160,15,0,0,0,0,0,0,0,0,0,0,0,0,0,0,0,0,0,0,0,0,0,0,0,0,0,0,0,0,0,0,0,0,0,0,0,0,0,0,0,0,0,0,0,0,0,0,0,0,0,0,0,0,0,0,0,0,0,0,0,0,0,0,0,0,0,0,0,0,0,0,0,0,0,0,0,0,0,0,0,0,0,5
2025-11-21 22:12:19.782986,0,0,202,6,4,0,65,98,62,98,197,58,24,3,196,5,21,36,253,255,71,98,215,18,119,7,25,0,174,0,217,5,232,3,0,0,208,7,0,0,184,11,0,0,160,15,0,0,0,0,0,0,0,0,0,0,0,0,0,0,0,0,0,0,0,0,0,0,0,0,0,0,0,0,0,0,0,0,0,0,0,0,0,0,0,0,0,0,0,0,0,0,0,0,0,0,0,0,0,0,0,0,0,0,0,0,0,0,0,0,0,0,0,0,0,0,0,0,0,0,0,0,0,0,0,0,0,5
2025-11-21 22:12:20.782978,0,0,185,6,4,0,37,98,34,98,150,59,18,3,181,5,5,36,254,255,41,98,188,18,115,7,24,0,173,0,208,5,232,3,0,0,208,7,0,0,184,11,0,0,160,15,0,0,0,0,0,0,0,0,0,0,0,0,0,0,0,0,0,0,0,0,0,0,0,0,0,0,0,0,0,0,0,0,0,0,0,0,0,0,0,0,0,0,0,0,0,0,0,0,0,0,0,0,0,0,0,0,0,0,0,0,0,0,0,0,0,0,0,0,0,0,0,0,0,0,0,0,0,0,0,0,0,5
2025-11-21 22:12:21.782976,0,0,169,6,4,0,20,98,17,98,76,60,12,3,164,5,221,35,253,255,245,97,165,18,111,7,25,0,172,0,203,5,232,3,0,0,208,7,0,0,184,11,0,0,160,15,0,0,0,0,0,0,0,0,0,0,0,0,0,0,0,0,0,0,0,0,0,0,0,0,0,0,0,0,0,0,0,0,0,0,0,0,0,0,0,0,0,0,0,0,0,0,0,0,0,0,0,0,0,0,0,0,0,0,0,0,0,0,0,0,0,0,0,0,0,0,0,0,0,0,0,0,0,0,0,0,0,5
2025-11-21 22:12:22.782997,0,0,145,6,4,0,2,98,255,97,227,60,6,3,156,5,242,35,253,255,12,98,147,18,115,7,24,0,171,0,205,5,232,3,0,0,208,7,0,0,184,11,0,0,160,15,0,0,0,0,0,0,0,0,0,0,0,0,0,0,0,0,0,0,0,0,0,0,0,0,0,0,0,0,0,0,0,0,0,0,0,0,0,0,0,0,0,0,0,0,0,0,0,0,0,0,0,0,0,0,0,0,0,0,0,0,0,0,0,0,0,0,0,0,0,0,0,0,0,0,0,0,0,0,0,0,0,5
2025-11-21 22:12:23.782994,0,0,127,6,4,0,5,98,2,98,113,61,2,3,144,5,239,35,254,255,11,98,131,18,118,7,25,0,171,0,204,5,232,3,0,0,208,7,0,0,184,11,0,0,160,15,0,0,0,0,0,0,0,0,0,0,0,0,0,0,0,0,0,0,0,0,0,0,0,0,0,0,0,0,0,0,0,0,0,0,0,0,0,0,0,0,0,0,0,0,0,0,0,0,0,0,0,0,0,0,0,0,0,0,0,0,0,0,0,0,0,0,0,0,0,0,0,0,0,0,0,0,0,0,0,0,0,5
2025-11-21 22:12:24.783012,0,0,110,6,4,0,4,98,0,98,233,61,253,2,131,5,229,35,253,255,9,98,116,18,120,7,25,0,170,0,204,5,232,3,0,0,208,7,0,0,184,11,0,0,160,15,0,0,0,0,0,0,0,0,0,0,0,0,0,0,0,0,0,0,0,0,0,0,0,0,0,0,0,0,0,0,0,0,0,0,0,0,0,0,0,0,0,0,0,0,0,0,0,0,0,0,0,0,0,0,0,0,0,0,0,0,0,0,0,0,0,0,0,0,0,0,0,0,0,0,0,0,0,0,0,0,0,5
2025-11-21 22:12:25.783020,0,0,92,6,4,0,4,98,0,98,83,62,247,2,117,5,223,35,253,255,10,98,104,18,123,7,25,0,170,0,204,5,232,3,0,0,208,7,0,0,184,11,0,0,160,15,0,0,0,0,0,0,0,0,0,0,0,0,0,0,0,0,0,0,0,0,0,0,0,0,0,0,0,0,0,0,0,0,0,0,0,0,0,0,0,0,0,0,0,0,0,0,0,0,0,0,0,0,0,0,0,0,0,0,0,0,0,0,0,0,0,0,0,0,0,0,0,0,0,0,0,0,0,0,0,0,0,5
2025-11-21 22:12:26.783007,255,255,74,6,4,0,4,98,0,98,173,62,242,2,102,5,208,35,254,255,10,98,97,18,125,7,25,0,169,0,204,5,232,3,0,0,208,7,0,0,184,11,0,0,160,15,0,0,0,0,0,0,0,0,0,0,0,0,0,0,0,0,0,0,0,0,0,0,0,0,0,0,0,0,0,0,0,0,0,0,0,0,0,0,0,0,0,0,0,0,0,0,0,0,0,0,0,0,0,0,0,0,0,0,0,0,0,0,0,0,0,0,0,0,0,0,0,0,0,0,0,0,0,0,0,0,0,5
2025-11-21 22:12:27.783025,0,0,55,6,4,0,6,98,2,98,253,62,235,2,86,5,188,35,254,255,13,98,93,18,127,7,25,0,168,0,204,5,232,3,0,0,208,7,0,0,184,11,0,0,160,15,0,0,0,0,0,0,0,0,0,0,0,0,0,0,0,0,0,0,0,0,0,0,0,0,0,0,0,0,0,0,0,0,0,0,0,0,0,0,0,0,0,0,0,0,0,0,0,0,0,0,0,0,0,0,0,0,0,0,0,0,0,0,0,0,0,0,0,0,0,0,0,0,0,0,0,0,0,0,0,0,0,5
2025-11-21 22:12:28.783025,0,0,32,6,4,0,8,98,5,98,70,63,228,2,69,5,169,35,254,255,13,98,92,18,129,7,25,0,167,0,203,5,232,3,0,0,208,7,0,0,184,11,0,0,160,15,0,0,0,0,0,0,0,0,0,0,0,0,0,0,0,0,0,0,0,0,0,0,0,0,0,0,0,0,0,0,0,0,0,0,0,0,0,0,0,0,0,0,0,0,0,0,0,0,0,0,0,0,0,0,0,0,0,0,0,0,0,0,0,0,0,0,0,0,0,0,0,0,0,0,0,0,0,0,0,0,0,5
2025-11-21 22:12:29.783042,0,0,7,6,4,0,8,98,5,98,135,63,221,2,51,5,147,35,253,255,15,98,92,18,130,7,26,0,167,0,203,5,232,3,0,0,208,7,0,0,184,11,0,0,160,15,0,0,0,0,0,0,0,0,0,0,0,0,0,0,0,0,0,0,0,0,0,0,0,0,0,0,0,0,0,0,0,0,0,0,0,0,0,0,0,0,0,0,0,0,0,0,0,0,0,0,0,0,0,0,0,0,0,0,0,0,0,0,0,0,0,0,0,0,0,0,0,0,0,0,0,0,0,0,0,0,0,5
2025-11-21 22:12:30.783042,0,0,234,5,4,0,10,98,7,98,192,63,214,2,32,5,120,35,254,255,15,98,95,18,131,7,26,0,166,0,203,5,232,3,0,0,208,7,0,0,184,11,0,0,160,15,0,0,0,0,0,0,0,0,0,0,0,0,0,0,0,0,0,0,0,0,0,0,0,0,0,0,0,0,0,0,0,0,0,0,0,0,0,0,0,0,0,0,0,0,0,0,0,0,0,0,0,0,0,0,0,0,0,0,0,0,0,0,0,0,0,0,0,0,0,0,0,0,0,0,0,0,0,0,0,0,0,5
2025-11-21 22:12:31.783047,0,0,208,5,4,0,10,98,7,98,243,63,206,2,14,5,95,35,253,255,16,98,100,18,132,7,26,0,165,0,203,5,232,3,0,0,208,7,0,0,184,11,0,0,160,15,0,0,0,0,0,0,0,0,0,0,0,0,0,0,0,0,0,0,0,0,0,0,0,0,0,0,0,0,0,0,0,0,0,0,0,0,0,0,0,0,0,0,0,0,0,0,0,0,0,0,0,0,0,0,0,0,0,0,0,0,0,0,0,0,0,0,0,0,0,0,0,0,0,0,0,0,0,0,0,0,0,5
2025-11-21 22:12:32.783057,0,0,183,5,4,0,12,98,9,98,35,64,199,2,250,4,71,35,254,255,18,98,106,18,133,7,26,0,164,0,203,5,232,3,0,0,208,7,0,0,184,11,0,0,160,15,0,0,0,0,0,0,0,0,0,0,0,0,0,0,0,0,0,0,0,0,0,0,0,0,0,0,0,0,0,0,0,0,0,0,0,0,0,0,0,0,0,0,0,0,0,0,0,0,0,0,0,0,0,0,0,0,0,0,0,0,0,0,0,0,0,0,0,0,0,0,0,0,0,0,0,0,0,0,0,0,0,5
2025-11-21 22:12:33.783054,0,0,160,5,4,0,13,98,9,98,77,64,191,2,231,4,47,35,253,255,19,98,113,18,133,7,26,0,163,0,203,5,232,3,0,0,208,7,0,0,184,11,0,0,160,15,0,0,0,0,0,0,0,0,0,0,0,0,0,0,0,0,0,0,0,0,0,0,0,0,0,0,0,0,0,0,0,0,0,0,0,0,0,0,0,0,0,0,0,0,0,0,0,0,0,0,0,0,0,0,0,0,0,0,0,0,0,0,0,0,0,0,0,0,0,0,0,0,0,0,0,0,0,0,0,0,0,5
2025-11-21 22:12:34.783054,255,255,137,5,4,0,14,98,10,98,113,64,184,2,212,4,22,35,254,255,19,98,121,18,133,7,26,0,163,0,202,5,232,3,0,0,208,7,0,0,184,11,0,0,160,15,0,0,0,0,0,0,0,0,0,0,0,0,0,0,0,0,0,0,0,0,0,0,0,0,0,0,0,0,0,0,0,0,0,0,0,0,0,0,0,0,0,0,0,0,0,0,0,0,0,0,0,0,0,0,0,0,0,0,0,0,0,0,0,0,0,0,0,0,0,0,0,0,0,0,0,0,0,0,0,0,0,5
2025-11-21 22:12:35.783075,0,0,115,5,4,0,15,98,11,98,143,64,176,2,192,4,254,34,253,255,20,98,131,18,133,7,27,0,162,0,202,5,232,3,0,0,208,7,0,0,184,11,0,0,160,15,0,0,0,0,0,0,0,0,0,0,0,0,0,0,0,0,0,0,0,0,0,0,0,0,0,0,0,0,0,0,0,0,0,0,0,0,0,0,0,0,0,0,0,0,0,0,0,0,0,0,0,0,0,0,0,0,0,0,0,0,0,0,0,0,0,0,0,0,0,0,0,0,0,0,0,0,0,0,0,0,0,5
2025-11-21 22:12:36.783066,0,0,93,5,4,0,14,98,11,98,169,64,169,2,173,4,229,34,254,255,20,98,139,18,134,7,27,0,161,0,202,5,232,3,0,0,208,7,0,0,184,11,0,0,160,15,0,0,0,0,0,0,0,0,0,0,0,0,0,0,0,0,0,0,0,0,0,0,0,0,0,0,0,0,0,0,0,0,0,0,0,0,0,0,0,0,0,0,0,0,0,0,0,0,0,0,0,0,0,0,0,0,0,0,0,0,0,0,0,0,0,0,0,0,0,0,0,0,0,0,0,0,0,0,0,0,0,5
2025-11-21 22:12:37.783058,0,0,72,5,4,0,15,98,11,98,189,64,161,2,148,4,204,34,253,255,20,98,149,18,134,7,27,0,160,0,202,5,232,3,0,0,208,7,0,0,184,11,0,0,160,15,0,0,0,0,0,0,0,0,0,0,0,0,0,0,0,0,0,0,0,0,0,0,0,0,0,0,0,0,0,0,0,0,0,0,0,0,0,0,0,0,0,0,0,0,0,0,0,0,0,0,0,0,0,0,0,0,0,0,0,0,0,0,0,0,0,0,0,0,0,0,0,0,0,0,0,0,0,0,0,0,0,5
2025-11-21 22:12:38.783064,0,0,52,5,4,0,16,98,13,98,209,64,153,2,119,4,178,34,253,255,22,98,158,18,134,7,27,0,160,0,201,5,232,3,0,0,208,7,0,0,184,11,0,0,160,15,0,0,0,0,0,0,0,0,0,0,0,0,0,0,0,0,0,0,0,0,0,0,0,0,0,0,0,0,0,0,0,0,0,0,0,0,0,0,0,0,0,0,0,0,0,0,0,0,0,0,0,0,0,0,0,0,0,0,0,0,0,0,0,0,0,0,0,0,0,0,0,0,0,0,0,0,0,0,0,0,0,5
2025-11-21 22:12:39.783073,0,0,32,5,4,0,16,98,13,98,225,64,146,2,94,4,153,34,254,255,21,98,169,18,134,7,27,0,158,0,201,5,232,3,0,0,208,7,0,0,184,11,0,0,160,15,0,0,0,0,0,0,0,0,0,0,0,0,0,0,0,0,0,0,0,0,0,0,0,0,0,0,0,0,0,0,0,0,0,0,0,0,0,0,0,0,0,0,0,0,0,0,0,0,0,0,0,0,0,0,0,0,0,0,0,0,0,0,0,0,0,0,0,0,0,0,0,0,0,0,0,0,0,0,0,0,0,5
2025-11-21 22:12:40.784479,0,0,14,5,4,0,23,98,22,98,245,64,139,2,72,4,130,34,254,255,30,98,178,18,136,7,27,0,157,0,202,5,232,3,0,0,208,7,0,0,184,11,0,0,160,15,0,0,0,0,0,0,0,0,0,0,0,0,0,0,0,0,0,0,0,0,0,0,0,0,0,0,0,0,0,0,0,0,0,0,0,0,0,0,0,0,0,0,0,0,0,0,0,0,0,0,0,0,0,0,0,0,0,0,0,0,0,0,0,0,0,0,0,0,0,0,0,0,0,0,0,0,0,0,0,0,0,5
2025-11-21 22:12:41.783082,0,0,252,4,4,0,24,98,20,98,2,65,132,2,51,4,104,34,254,255,30,98,190,18,135,7,28,0,157,0,202,5,232,3,0,0,208,7,0,0,184,11,0,0,160,15,0,0,0,0,0,0,0,0,0,0,0,0,0,0,0,0,0,0,0,0,0,0,0,0,0,0,0,0,0,0,0,0,0,0,0,0,0,0,0,0,0,0,0,0,0,0,0,0,0,0,0,0,0,0,0,0,0,0,0,0,0,0,0,0,0,0,0,0,0,0,0,0,0,0,0,0,0,0,0,0,0,5
2025-11-21 22:12:42.783101,0,0,234,4,4,0,25,98,21,98,14,65,124,2,30,4,74,34,253,255,31,98,202,18,135,7,28,0,156,0,202,5,232,3,0,0,208,7,0,0,184,11,0,0,160,15,0,0,0,0,0,0,0,0,0,0,0,0,0,0,0,0,0,0,0,0,0,0,0,0,0,0,0,0,0,0,0,0,0,0,0,0,0,0,0,0,0,0,0,0,0,0,0,0,0,0,0,0,0,0,0,0,0,0,0,0,0,0,0,0,0,0,0,0,0,0,0,0,0,0,0,0,0,0,0,0,0,5
2025-11-21 22:12:43.783117,0,0,217,4,4,0,25,98,21,98,24,65,117,2,12,4,46,34,254,255,32,98,212,18,134,7,28,0,155,0,202,5,232,3,0,0,208,7,0,0,184,11,0,0,160,15,0,0,0,0,0,0,0,0,0,0,0,0,0,0,0,0,0,0,0,0,0,0,0,0,0,0,0,0,0,0,0,0,0,0,0,0,0,0,0,0,0,0,0,0,0,0,0,0,0,0,0,0,0,0,0,0,0,0,0,0,0,0,0,0,0,0,0,0,0,0,0,0,0,0,0,0,0,0,0,0,0,5
2025-11-21 22:12:44.783122,0,0,200,4,4,0,26,98,22,98,32,65,109,2,248,3,18,34,254,255,32,98,225,18,134,7,28,0,154,0,202,5,232,3,0,0,208,7,0,0,184,11,0,0,160,15,0,0,0,0,0,0,0,0,0,0,0,0,0,0,0,0,0,0,0,0,0,0,0,0,0,0,0,0,0,0,0,0,0,0,0,0,0,0,0,0,0,0,0,0,0,0,0,0,0,0,0,0,0,0,0,0,0,0,0,0,0,0,0,0,0,0,0,0,0,0,0,0,0,0,0,0,0,0,0,0,0,5
2025-11-21 22:12:45.783113,0,0,184,4,4,0,26,98,24,98,39,65,102,2,230,3,246,33,254,255,32,98,236,18,134,7,28,0,154,0,201,5,232,3,0,0,208,7,0,0,184,11,0,0,160,15,0,0,0,0,0,0,0,0,0,0,0,0,0,0,0,0,0,0,0,0,0,0,0,0,0,0,0,0,0,0,0,0,0,0,0,0,0,0,0,0,0,0,0,0,0,0,0,0,0,0,0,0,0,0,0,0,0,0,0,0,0,0,0,0,0,0,0,0,0,0,0,0,0,0,0,0,0,0,0,0,0,5
2025-11-21 22:12:46.783132,0,0,169,4,4,0,25,98,23,98,44,65,94,2,213,3,218,33,253,255,34,98,248,18,133,7,28,0,153,0,201,5,232,3,0,0,208,7,0,0,184,11,0,0,160,15,0,0,0,0,0,0,0,0,0,0,0,0,0,0,0,0,0,0,0,0,0,0,0,0,0,0,0,0,0,0,0,0,0,0,0,0,0,0,0,0,0,0,0,0,0,0,0,0,0,0,0,0,0,0,0,0,0,0,0,0,0,0,0,0,0,0,0,0,0,0,0,0,0,0,0,0,0,0,0,0,0,5
2025-11-21 22:12:47.783131,0,0,154,4,4,0,27,98,23,98,48,65,87,2,194,3,190,33,253,255,33,98,4,19,132,7,28,0,152,0,201,5,232,3,0,0,208,7,0,0,184,11,0,0,160,15,0,0,0,0,0,0,0,0,0,0,0,0,0,0,0,0,0,0,0,0,0,0,0,0,0,0,0,0,0,0,0,0,0,0,0,0,0,0,0,0,0,0,0,0,0,0,0,0,0,0,0,0,0,0,0,0,0,0,0,0,0,0,0,0,0,0,0,0,0,0,0,0,0,0,0,0,0,0,0,0,0,5
2025-11-21 22:12:48.783120,0,0,139,4,4,0,28,98,24,98,52,65,79,2,174,3,162,33,253,255,33,98,16,19,132,7,28,0,151,0,201,5,232,3,0,0,208,7,0,0,184,11,0,0,160,15,0,0,0,0,0,0,0,0,0,0,0,0,0,0,0,0,0,0,0,0,0,0,0,0,0,0,0,0,0,0,0,0,0,0,0,0,0,0,0,0,0,0,0,0,0,0,0,0,0,0,0,0,0,0,0,0,0,0,0,0,0,0,0,0,0,0,0,0,0,0,0,0,0,0,0,0,0,0,0,0,0,5
2025-11-21 22:12:49.783138,255,255,125,4,4,0,28,98,23,98,54,65,69,2,157,3,134,33,253,255,34,98,29,19,131,7,28,0,150,0,200,5,232,3,0,0,208,7,0,0,184,11,0,0,160,15,0,0,0,0,0,0,0,0,0,0,0,0,0,0,0,0,0,0,0,0,0,0,0,0,0,0,0,0,0,0,0,0,0,0,0,0,0,0,0,0,0,0,0,0,0,0,0,0,0,0,0,0,0,0,0,0,0,0,0,0,0,0,0,0,0,0,0,0,0,0,0,0,0,0,0,0,0,0,0,0,0,5
2025-11-21 22:12:50.783138,0,0,111,4,4,0,29,98,25,98,56,65,61,2,140,3,106,33,253,255,33,98,41,19,131,7,29,0,150,0,200,5,232,3,0,0,208,7,0,0,184,11,0,0,160,15,0,0,0,0,0,0,0,0,0,0,0,0,0,0,0,0,0,0,0,0,0,0,0,0,0,0,0,0,0,0,0,0,0,0,0,0,0,0,0,0,0,0,0,0,0,0,0,0,0,0,0,0,0,0,0,0,0,0,0,0,0,0,0,0,0,0,0,0,0,0,0,0,0,0,0,0,0,0,0,0,0,5
2025-11-21 22:12:51.783166,0,0,98,4,4,0,28,98,25,98,47,65,53,2,125,3,79,33,254,255,38,98,54,19,131,7,29,0,148,0,201,5,232,3,0,0,208,7,0,0,184,11,0,0,160,15,0,0,0,0,0,0,0,0,0,0,0,0,0,0,0,0,0,0,0,0,0,0,0,0,0,0,0,0,0,0,0,0,0,0,0,0,0,0,0,0,0,0,0,0,0,0,0,0,0,0,0,0,0,0,0,0,0,0,0,0,0,0,0,0,0,0,0,0,0,0,0,0,0,0,0,0,0,0,0,0,0,5
2025-11-21 22:12:52.783156,0,0,85,4,4,0,32,98,29,98,57,65,44,2,110,3,50,33,253,255,37,98,67,19,130,7,29,0,148,0,201,5,232,3,0,0,208,7,0,0,184,11,0,0,160,15,0,0,0,0,0,0,0,0,0,0,0,0,0,0,0,0,0,0,0,0,0,0,0,0,0,0,0,0,0,0,0,0,0,0,0,0,0,0,0,0,0,0,0,0,0,0,0,0,0,0,0,0,0,0,0,0,0,0,0,0,0,0,0,0,0,0,0,0,0,0,0,0,0,0,0,0,0,0,0,0,0,5
2025-11-21 22:12:53.783156,0,0,73,4,4,0,34,98,31,98,56,65,35,2,96,3,22,33,254,255,39,98,82,19,129,7,30,0,147,0,200,5,232,3,0,0,208,7,0,0,184,11,0,0,160,15,0,0,0,0,0,0,0,0,0,0,0,0,0,0,0,0,0,0,0,0,0,0,0,0,0,0,0,0,0,0,0,0,0,0,0,0,0,0,0,0,0,0,0,0,0,0,0,0,0,0,0,0,0,0,0,0,0,0,0,0,0,0,0,0,0,0,0,0,0,0,0,0,0,0,0,0,0,0,0,0,0,5
2025-11-21 22:12:54.783173,0,0,60,4,5,0,34,98,30,98,53,65,25,2,82,3,248,32,253,255,39,98,95,19,128,7,29,0,147,0,200,5,232,3,0,0,208,7,0,0,184,11,0,0,160,15,0,0,0,0,0,0,0,0,0,0,0,0,0,0,0,0,0,0,0,0,0,0,0,0,0,0,0,0,0,0,0,0,0,0,0,0,0,0,0,0,0,0,0,0,0,0,0,0,0,0,0,0,0,0,0,0,0,0,0,0,0,0,0,0,0,0,0,0,0,0,0,0,0,0,0,0,0,0,0,0,0,5
2025-11-21 22:12:55.783173,255,255,49,4,4,0,34,98,30,98,50,65,15,2,70,3,218,32,254,255,40,98,109,19,127,7,29,0,146,0,200,5,232,3,0,0,208,7,0,0,184,11,0,0,160,15,0,0,0,0,0,0,0,0,0,0,0,0,0,0,0,0,0,0,0,0,0,0,0,0,0,0,0,0,0,0,0,0,0,0,0,0,0,0,0,0,0,0,0,0,0,0,0,0,0,0,0,0,0,0,0,0,0,0,0,0,0,0,0,0,0,0,0,0,0,0,0,0,0,0,0,0,0,0,0,0,0,5
2025-11-21 22:12:56.783167,0,0,37,4,4,0,34,98,30,98,45,65,7,2,57,3,187,32,253,255,40,98,122,19,126,7,30,0,145,0,200,5,232,3,0,0,208,7,0,0,184,11,0,0,160,15,0,0,0,0,0,0,0,0,0,0,0,0,0,0,0,0,0,0,0,0,0,0,0,0,0,0,0,0,0,0,0,0,0,0,0,0,0,0,0,0,0,0,0,0,0,0,0,0,0,0,0,0,0,0,0,0,0,0,0,0,0,0,0,0,0,0,0,0,0,0,0,0,0,0,0,0,0,0,0,0,0,5
2025-11-21 22:12:57.783188,0,0,25,4,4,0,35,98,26,98,38,65,255,1,45,3,158,32,253,255,43,98,137,19,125,7,30,0,145,0,200,5,232,3,0,0,208,7,0,0,184,11,0,0,160,15,0,0,0,0,0,0,0,0,0,0,0,0,0,0,0,0,0,0,0,0,0,0,0,0,0,0,0,0,0,0,0,0,0,0,0,0,0,0,0,0,0,0,0,0,0,0,0,0,0,0,0,0,0,0,0,0,0,0,0,0,0,0,0,0,0,0,0,0,0,0,0,0,0,0,0,0,0,0,0,0,0,5
2025-11-21 22:12:58.783182,0,0,14,4,4,0,35,98,237,97,30,65,248,1,34,3,125,32,253,255,35,98,150,19,124,7,30,0,144,0,199,5,232,3,0,0,208,7,0,0,184,11,0,0,160,15,0,0,0,0,0,0,0,0,0,0,0,0,0,0,0,0,0,0,0,0,0,0,0,0,0,0,0,0,0,0,0,0,0,0,0,0,0,0,0,0,0,0,0,0,0,0,0,0,0,0,0,0,0,0,0,0,0,0,0,0,0,0,0,0,0,0,0,0,0,0,0,0,0,0,0,0,0,0,0,0,0,5
2025-11-21 22:12:59.783200,0,0,2,4,4,0,33,98,180,97,8,65,240,1,22,3,90,32,253,255,33,98,164,19,122,7,30,0,143,0,195,5,232,3,0,0,208,7,0,0,184,11,0,0,160,15,0,0,0,0,0,0,0,0,0,0,0,0,0,0,0,0,0,0,0,0,0,0,0,0,0,0,0,0,0,0,0,0,0,0,0,0,0,0,0,0,0,0,0,0,0,0,0,0,0,0,0,0,0,0,0,0,0,0,0,0,0,0,0,0,0,0,0,0,0,0,0,0,0,0,0,0,0,0,0,0,0,5
2025-11-21 22:13:00.783192,0,0,247,3,4,0,23,98,118,97,1,65,234,1,12,3,64,32,253,255,28,98,177,19,120,7,30,0,142,0,196,5,232,3,0,0,208,7,0,0,184,11,0,0,160,15,0,0,0,0,0,0,0,0,0,0,0,0,0,0,0,0,0,0,0,0,0,0,0,0,0,0,0,0,0,0,0,0,0,0,0,0,0,0,0,0,0,0,0,0,0,0,0,0,0,0,0,0,0,0,0,0,0,0,0,0,0,0,0,0,0,0,0,0,0,0,0,0,0,0,0,0,0,0,0,0,0,5
2025-11-21 22:13:01.783205,0,0,237,3,4,0,27,98,72,97,249,64,227,1,3,3,38,32,254,255,33,98,192,19,121,7,30,0,141,0,199,5,232,3,0,0,208,7,0,0,184,11,0,0,160,15,0,0,0,0,0,0,0,0,0,0,0,0,0,0,0,0,0,0,0,0,0,0,0,0,0,0,0,0,0,0,0,0,0,0,0,0,0,0,0,0,0,0,0,0,0,0,0,0,0,0,0,0,0,0,0,0,0,0,0,0,0,0,0,0,0,0,0,0,0,0,0,0,0,0,0,0,0,0,0,0,0,5
2025-11-21 22:13:02.783222,0,0,228,3,4,0,31,98,25,97,241,64,221,1,249,2,10,32,253,255,35,98,206,19,120,7,31,0,141,0,197,5,232,3,0,0,208,7,0,0,184,11,0,0,160,15,0,0,0,0,0,0,0,0,0,0,0,0,0,0,0,0,0,0,0,0,0,0,0,0,0,0,0,0,0,0,0,0,0,0,0,0,0,0,0,0,0,0,0,0,0,0,0,0,0,0,0,0,0,0,0,0,0,0,0,0,0,0,0,0,0,0,0,0,0,0,0,0,0,0,0,0,0,0,0,0,0,5
2025-11-21 22:13:03.783218,0,0,217,3,4,0,31,98,228,96,230,64,215,1,240,2,236,31,254,255,38,98,220,19,118,7,30,0,140,0,197,5,232,3,0,0,208,7,0,0,184,11,0,0,160,15,0,0,0,0,0,0,0,0,0,0,0,0,0,0,0,0,0,0,0,0,0,0,0,0,0,0,0,0,0,0,0,0,0,0,0,0,0,0,0,0,0,0,0,0,0,0,0,0,0,0,0,0,0,0,0,0,0,0,0,0,0,0,0,0,0,0,0,0,0,0,0,0,0,0,0,0,0,0,0,0,0,5
2025-11-21 22:13:04.783211,0,0,208,3,4,0,33,98,177,96,220,64,209,1,230,2,207,31,253,255,39,98,234,19,117,7,30,0,139,0,196,5,232,3,0,0,208,7,0,0,184,11,0,0,160,15,0,0,0,0,0,0,0,0,0,0,0,0,0,0,0,0,0,0,0,0,0,0,0,0,0,0,0,0,0,0,0,0,0,0,0,0,0,0,0,0,0,0,0,0,0,0,0,0,0,0,0,0,0,0,0,0,0,0,0,0,0,0,0,0,0,0,0,0,0,0,0,0,0,0,0,0,0,0,0,0,0,5
2025-11-21 22:13:05.783196,0,0,199,3,4,0,35,98,124,96,207,64,204,1,222,2,177,31,253,255,40,98,248,19,116,7,30,0,139,0,197,5,232,3,0,0,208,7,0,0,184,11,0,0,160,15,0,0,0,0,0,0,0,0,0,0,0,0,0,0,0,0,0,0,0,0,0,0,0,0,0,0,0,0,0,0,0,0,0,0,0,0,0,0,0,0,0,0,0,0,0,0,0,0,0,0,0,0,0,0,0,0,0,0,0,0,0,0,0,0,0,0,0,0,0,0,0,0,0,0,0,0,0,0,0,0,0,5
2025-11-21 22:13:06.783239,0,0,189,3,4,0,35,98,69,96,193,64,198,1,213,2,147,31,254,255,41,98,6,20,114,7,30,0,138,0,197,5,232,3,0,0,208,7,0,0,184,11,0,0,160,15,0,0,0,0,0,0,0,0,0,0,0,0,0,0,0,0,0,0,0,0,0,0,0,0,0,0,0,0,0,0,0,0,0,0,0,0,0,0,0,0,0,0,0,0,0,0,0,0,0,0,0,0,0,0,0,0,0,0,0,0,0,0,0,0,0,0,0,0,0,0,0,0,0,0,0,0,0,0,0,0,0,5
2025-11-21 22:13:07.783233,0,0,179,3,5,0,10,98,238,95,159,64,193,1,204,2,111,31,253,255,32,98,21,20,112,7,31,0,137,0,197,5,232,3,0,0,208,7,0,0,184,11,0,0,160,15,0,0,0,0,0,0,0,0,0,0,0,0,0,0,0,0,0,0,0,0,0,0,0,0,0,0,0,0,0,0,0,0,0,0,0,0,0,0,0,0,0,0,0,0,0,0,0,0,0,0,0,0,0,0,0,0,0,0,0,0,0,0,0,0,0,0,0,0,0,0,0,0,0,0,0,0,0,0,0,0,0,5
2025-11-21 22:13:10.445991,0,0,156,3,4,0,35,98,138,95,140,64,181,1,184,2,253,30,253,255,41,98,67,20,109,7,31,0,136,0,196,5,232,3,0,0,208,7,0,0,184,11,0,0,160,15,0,0,0,0,0,0,0,0,0,0,0,0,0,0,0,0,0,0,0,0,0,0,0,0,0,0,0,0,0,0,0,0,0,0,0,0,0,0,0,0,0,0,0,0,0,0,0,0,0,0,0,0,0,0,0,0,0,0,0,0,0,0,0,0,0,0,0,0,0,0,0,0,0,0,0,0,0,0,0,0,0,5
2025-11-21 22:13:11.445978,0,0,167,3,4,0,37,98,93,95,98,64,205,1,185,2,52,29,253,255,42,98,191,20,110,7,31,0,135,0,196,5,232,3,0,0,208,7,0,0,184,11,0,0,160,15,0,0,0,0,0,0,0,0,0,0,0,0,0,0,0,0,0,0,0,0,0,0,0,0,0,0,0,0,0,0,0,0,0,0,0,0,0,0,0,0,0,0,0,0,0,0,0,0,0,0,0,0,0,0,0,0,0,0,0,0,0,0,0,0,0,0,0,0,0,0,0,0,0,0,0,0,0,0,0,0,0,5
2025-11-21 22:13:12.446008,0,0,28,4,4,0,38,98,183,94,5,64,33,2,227,2,215,26,254,255,44,98,110,21,120,7,31,0,134,0,196,5,232,3,0,0,208,7,0,0,184,11,0,0,160,15,0,0,0,0,0,0,0,0,0,0,0,0,0,0,0,0,0,0,0,0,0,0,0,0,0,0,0,0,0,0,0,0,0,0,0,0,0,0,0,0,0,0,0,0,0,0,0,0,0,0,0,0,0,0,0,0,0,0,0,0,0,0,0,0,0,0,0,0,0,0,0,0,0,0,0,0,0,0,0,0,0,5
2025-11-21 22:13:13.446035,0,0,42,5,4,0,38,98,9,93,109,63,168,2,94,3,202,24,253,255,45,98,53,22,163,7,31,0,132,0,196,5,232,3,0,0,208,7,0,0,184,11,0,0,160,15,0,0,0,0,0,0,0,0,0,0,0,0,0,0,0,0,0,0,0,0,0,0,0,0,0,0,0,0,0,0,0,0,0,0,0,0,0,0,0,0,0,0,0,0,0,0,0,0,0,0,0,0,0,0,0,0,0,0,0,0,0,0,0,0,0,0,0,0,0,0,0,0,0,0,0,0,0,0,0,0,0,5
2025-11-21 22:13:14.445999,0,0,116,6,4,0,39,98,40,90,176,62,41,3,67,4,9,23,253,255,45,98,13,23,22,8,31,0,130,0,196,5,232,3,0,0,208,7,0,0,184,11,0,0,160,15,0,0,0,0,0,0,0,0,0,0,0,0,0,0,0,0,0,0,0,0,0,0,0,0,0,0,0,0,0,0,0,0,0,0,0,0,0,0,0,0,0,0,0,0,0,0,0,0,0,0,0,0,0,0,0,0,0,0,0,0,0,0,0,0,0,0,0,0,0,0,0,0,0,0,0,0,0,0,0,0,0,5
2025-11-21 22:13:15.445996,0,0,133,7,4,0,38,98,115,86,197,61,134,3,78,5,218,20,253,255,46,98,144,23,226,8,31,0,128,0,196,5,232,3,0,0,208,7,0,0,184,11,0,0,160,15,0,0,0,0,0,0,0,0,0,0,0,0,0,0,0,0,0,0,0,0,0,0,0,0,0,0,0,0,0,0,0,0,0,0,0,0,0,0,0,0,0,0,0,0,0,0,0,0,0,0,0,0,0,0,0,0,0,0,0,0,0,0,0,0,0,0,0,0,0,0,0,0,0,0,0,0,0,0,0,0,0,5
2025-11-21 22:13:16.445995,0,0,62,8,4,0,41,98,56,83,177,60,206,3,33,6,75,19,253,255,47,98,10,24,220,9,30,0,126,0,195,5,232,3,0,0,208,7,0,0,184,11,0,0,160,15,0,0,0,0,0,0,0,0,0,0,0,0,0,0,0,0,0,0,0,0,0,0,0,0,0,0,0,0,0,0,0,0,0,0,0,0,0,0,0,0,0,0,0,0,0,0,0,0,0,0,0,0,0,0,0,0,0,0,0,0,0,0,0,0,0,0,0,0,0,0,0,0,0,0,0,0,0,0,0,0,0,5
2025-11-21 22:13:17.446009,0,0,218,8,4,0,41,98,6,81,131,59,14,4,195,6,49,18,254,255,47,98,127,24,200,10,30,0,124,0,196,5,232,3,0,0,208,7,0,0,184,11,0,0,160,15,0,0,0,0,0,0,0,0,0,0,0,0,0,0,0,0,0,0,0,0,0,0,0,0,0,0,0,0,0,0,0,0,0,0,0,0,0,0,0,0,0,0,0,0,0,0,0,0,0,0,0,0,0,0,0,0,0,0,0,0,0,0,0,0,0,0,0,0,0,0,0,0,0,0,0,0,0,0,0,0,0,5
2025-11-21 22:13:18.446023,0,0,107,9,4,0,41,98,99,79,49,58,72,4,65,7,64,17,253,255,46,98,240,24,146,11,30,0,122,0,195,5,232,3,0,0,208,7,0,0,184,11,0,0,160,15,0,0,0,0,0,0,0,0,0,0,0,0,0,0,0,0,0,0,0,0,0,0,0,0,0,0,0,0,0,0,0,0,0,0,0,0,0,0,0,0,0,0,0,0,0,0,0,0,0,0,0,0,0,0,0,0,0,0,0,0,0,0,0,0,0,0,0,0,0,0,0,0,0,0,0,0,0,0,0,0,0,5
2025-11-21 22:13:19.446037,0,0,238,9,4,0,41,98,232,77,191,56,123,4,168,7,115,16,254,255,47,98,89,25,60,12,30,0,120,0,195,5,232,3,0,0,208,7,0,0,184,11,0,0,160,15,0,0,0,0,0,0,0,0,0,0,0,0,0,0,0,0,0,0,0,0,0,0,0,0,0,0,0,0,0,0,0,0,0,0,0,0,0,0,0,0,0,0,0,0,0,0,0,0,0,0,0,0,0,0,0,0,0,0,0,0,0,0,0,0,0,0,0,0,0,0,0,0,0,0,0,0,0,0,0,0,0,5
2025-11-21 22:13:20.446034,0,0,97,10,4,0,42,98,71,76,53,55,168,4,3,8,182,15,254,255,47,98,186,25,205,12,30,0,119,0,195,5,232,3,0,0,208,7,0,0,184,11,0,0,160,15,0,0,0,0,0,0,0,0,0,0,0,0,0,0,0,0,0,0,0,0,0,0,0,0,0,0,0,0,0,0,0,0,0,0,0,0,0,0,0,0,0,0,0,0,0,0,0,0,0,0,0,0,0,0,0,0,0,0,0,0,0,0,0,0,0,0,0,0,0,0,0,0,0,0,0,0,0,0,0,0,0,5
2025-11-21 22:13:21.446028,0,0,196,10,4,0,42,98,84,74,161,53,208,4,87,8,8,15,254,255,49,98,16,26,79,13,29,0,117,0,195,5,232,3,0,0,208,7,0,0,184,11,0,0,160,15,0,0,0,0,0,0,0,0,0,0,0,0,0,0,0,0,0,0,0,0,0,0,0,0,0,0,0,0,0,0,0,0,0,0,0,0,0,0,0,0,0,0,0,0,0,0,0,0,0,0,0,0,0,0,0,0,0,0,0,0,0,0,0,0,0,0,0,0,0,0,0,0,0,0,0,0,0,0,0,0,0,5
2025-11-21 22:13:22.446021,0,0,28,11,4,0,42,98,27,72,12,52,242,4,164,8,102,14,253,255,50,98,97,26,198,13,29,0,115,0,195,5,232,3,0,0,208,7,0,0,184,11,0,0,160,15,0,0,0,0,0,0,0,0,0,0,0,0,0,0,0,0,0,0,0,0,0,0,0,0,0,0,0,0,0,0,0,0,0,0,0,0,0,0,0,0,0,0,0,0,0,0,0,0,0,0,0,0,0,0,0,0,0,0,0,0,0,0,0,0,0,0,0,0,0,0,0,0,0,0,0,0,0,0,0,0,0,5
2025-11-21 22:13:23.446041,0,0,107,11,4,0,43,98,204,69,128,50,18,5,236,8,201,13,253,255,50,98,172,26,54,14,29,0,113,0,195,5,232,3,0,0,208,7,0,0,184,11,0,0,160,15,0,0,0,0,0,0,0,0,0,0,0,0,0,0,0,0,0,0,0,0,0,0,0,0,0,0,0,0,0,0,0,0,0,0,0,0,0,0,0,0,0,0,0,0,0,0,0,0,0,0,0,0,0,0,0,0,0,0,0,0,0,0,0,0,0,0,0,0,0,0,0,0,0,0,0,0,0,0,0,0,0,5
2025-11-21 22:13:24.446041,0,0,178,11,4,0,45,98,126,67,254,48,46,5,47,9,52,13,253,255,50,98,244,26,161,14,29,0,112,0,195,5,232,3,0,0,208,7,0,0,184,11,0,0,160,15,0,0,0,0,0,0,0,0,0,0,0,0,0,0,0,0,0,0,0,0,0,0,0,0,0,0,0,0,0,0,0,0,0,0,0,0,0,0,0,0,0,0,0,0,0,0,0,0,0,0,0,0,0,0,0,0,0,0,0,0,0,0,0,0,0,0,0,0,0,0,0,0,0,0,0,0,0,0,0,0,0,5
2025-11-21 22:13:25.445997,0,0,241,11,4,0,45,98,56,65,137,47,72,5,108,9,165,12,253,255,51,98,59,27,6,15,29,0,110,0,195,5,232,3,0,0,208,7,0,0,184,11,0,0,160,15,0,0,0,0,0,0,0,0,0,0,0,0,0,0,0,0,0,0,0,0,0,0,0,0,0,0,0,0,0,0,0,0,0,0,0,0,0,0,0,0,0,0,0,0,0,0,0,0,0,0,0,0,0,0,0,0,0,0,0,0,0,0,0,0,0,0,0,0,0,0,0,0,0,0,0,0,0,0,0,0,0,5
2025-11-21 22:13:26.446050,0,0,42,12,4,0,45,98,250,62,32,46,96,5,163,9,30,12,254,255,51,98,126,27,102,15,29,0,108,0,194,5,232,3,0,0,208,7,0,0,184,11,0,0,160,15,0,0,0,0,0,0,0,0,0,0,0,0,0,0,0,0,0,0,0,0,0,0,0,0,0,0,0,0,0,0,0,0,0,0,0,0,0,0,0,0,0,0,0,0,0,0,0,0,0,0,0,0,0,0,0,0,0,0,0,0,0,0,0,0,0,0,0,0,0,0,0,0,0,0,0,0,0,0,0,0,0,5
2025-11-21 22:13:27.446058,0,0,94,12,4,0,46,98,201,60,198,44,118,5,215,9,158,11,253,255,51,98,191,27,194,15,29,0,106,0,194,5,232,3,0,0,208,7,0,0,184,11,0,0,160,15,0,0,0,0,0,0,0,0,0,0,0,0,0,0,0,0,0,0,0,0,0,0,0,0,0,0,0,0,0,0,0,0,0,0,0,0,0,0,0,0,0,0,0,0,0,0,0,0,0,0,0,0,0,0,0,0,0,0,0,0,0,0,0,0,0,0,0,0,0,0,0,0,0,0,0,0,0,0,0,0,0,5
2025-11-21 22:13:28.446075,0,0,142,12,4,0,46,98,165,58,124,43,138,5,6,10,41,11,253,255,52,98,254,27,25,16,29,0,105,0,194,5,232,3,0,0,208,7,0,0,184,11,0,0,160,15,0,0,0,0,0,0,0,0,0,0,0,0,0,0,0,0,0,0,0,0,0,0,0,0,0,0,0,0,0,0,0,0,0,0,0,0,0,0,0,0,0,0,0,0,0,0,0,0,0,0,0,0,0,0,0,0,0,0,0,0,0,0,0,0,0,0,0,0,0,0,0,0,0,0,0,0,0,0,0,0,0,5
2025-11-21 22:13:30.475142,0,0,226,12,4,0,43,98,120,54,3,41,174,5,90,10,74,10,253,255,30,98,121,28,182,16,28,0,102,0,189,5,232,3,0,0,208,7,0,0,184,11,0,0,160,15,0,0,0,0,0,0,0,0,0,0,0,0,0,0,0,0,0,0,0,0,0,0,0,0,0,0,0,0,0,0,0,0,0,0,0,0,0,0,0,0,0,0,0,0,0,0,0,0,0,0,0,0,0,0,0,0,0,0,0,0,0,0,0,0,0,0,0,0,0,0,0,0,0,0,0,0,0,0,0,0,0,5
2025-11-21 22:13:31.475133,0,0,1,13,4,0,30,98,126,52,218,39,188,5,124,10,232,9,253,255,34,98,178,28,1,17,28,0,100,0,190,5,232,3,0,0,208,7,0,0,184,11,0,0,160,15,0,0,0,0,0,0,0,0,0,0,0,0,0,0,0,0,0,0,0,0,0,0,0,0,0,0,0,0,0,0,0,0,0,0,0,0,0,0,0,0,0,0,0,0,0,0,0,0,0,0,0,0,0,0,0,0,0,0,0,0,0,0,0,0,0,0,0,0,0,0,0,0,0,0,0,0,0,0,0,0,0,5
2025-11-21 22:13:32.475114,0,0,35,13,4,0,30,98,169,50,197,38,203,5,160,10,139,9,253,255,44,98,231,28,73,17,28,0,99,0,191,5,232,3,0,0,208,7,0,0,184,11,0,0,160,15,0,0,0,0,0,0,0,0,0,0,0,0,0,0,0,0,0,0,0,0,0,0,0,0,0,0,0,0,0,0,0,0,0,0,0,0,0,0,0,0,0,0,0,0,0,0,0,0,0,0,0,0,0,0,0,0,0,0,0,0,0,0,0,0,0,0,0,0,0,0,0,0,0,0,0,0,0,0,0,0,0,5
2025-11-21 22:13:33.475109,0,0,67,13,5,0,39,98,232,48,190,37,218,5,194,10,51,9,253,255,44,98,25,29,139,17,28,0,97,0,191,5,232,3,0,0,208,7,0,0,184,11,0,0,160,15,0,0,0,0,0,0,0,0,0,0,0,0,0,0,0,0,0,0,0,0,0,0,0,0,0,0,0,0,0,0,0,0,0,0,0,0,0,0,0,0,0,0,0,0,0,0,0,0,0,0,0,0,0,0,0,0,0,0,0,0,0,0,0,0,0,0,0,0,0,0,0,0,0,0,0,0,0,0,0,0,0,5
2025-11-21 22:13:34.475111,0,0,90,13,4,0,6,98,29,47,175,36,227,5,218,10,221,8,254,255,14,98,74,29,194,17,28,0,95,0,175,5,232,3,0,0,208,7,0,0,184,11,0,0,160,15,0,0,0,0,0,0,0,0,0,0,0,0,0,0,0,0,0,0,0,0,0,0,0,0,0,0,0,0,0,0,0,0,0,0,0,0,0,0,0,0,0,0,0,0,0,0,0,0,0,0,0,0,0,0,0,0,0,0,0,0,0,0,0,0,0,0,0,0,0,0,0,0,0,0,0,0,0,0,0,0,0,5
2025-11-21 22:13:35.475157,0,0,99,13,4,0,101,97,35,45,131,35,226,5,226,10,129,8,253,255,199,97,122,29,234,17,27,0,93,0,169,5,232,3,0,0,208,7,0,0,184,11,0,0,160,15,0,0,0,0,0,0,0,0,0,0,0,0,0,0,0,0,0,0,0,0,0,0,0,0,0,0,0,0,0,0,0,0,0,0,0,0,0,0,0,0,0,0,0,0,0,0,0,0,0,0,0,0,0,0,0,0,0,0,0,0,0,0,0,0,0,0,0,0,0,0,0,0,0,0,0,0,0,0,0,0,0,5
2025-11-21 22:13:36.475146,0,0,118,13,4,0,222,97,241,43,174,34,239,5,250,10,50,8,253,255,221,97,163,29,45,18,27,0,91,0,172,5,232,3,0,0,208,7,0,0,184,11,0,0,160,15,0,0,0,0,0,0,0,0,0,0,0,0,0,0,0,0,0,0,0,0,0,0,0,0,0,0,0,0,0,0,0,0,0,0,0,0,0,0,0,0,0,0,0,0,0,0,0,0,0,0,0,0,0,0,0,0,0,0,0,0,0,0,0,0,0,0,0,0,0,0,0,0,0,0,0,0,0,0,0,0,0,5
2025-11-21 22:13:37.475164,0,0,141,13,4,0,230,97,143,42,213,33,251,5,23,11,236,7,254,255,236,97,201,29,103,18,27,0,90,0,177,5,232,3,0,0,208,7,0,0,184,11,0,0,160,15,0,0,0,0,0,0,0,0,0,0,0,0,0,0,0,0,0,0,0,0,0,0,0,0,0,0,0,0,0,0,0,0,0,0,0,0,0,0,0,0,0,0,0,0,0,0,0,0,0,0,0,0,0,0,0,0,0,0,0,0,0,0,0,0,0,0,0,0,0,0,0,0,0,0,0,0,0,0,0,0,0,5
2025-11-21 22:13:38.475146,0,0,163,13,4,0,231,97,56,41,12,33,4,6,46,11,184,7,254,255,237,97,229,29,155,18,26,0,89,0,176,5,232,3,0,0,208,7,0,0,184,11,0,0,160,15,0,0,0,0,0,0,0,0,0,0,0,0,0,0,0,0,0,0,0,0,0,0,0,0,0,0,0,0,0,0,0,0,0,0,0,0,0,0,0,0,0,0,0,0,0,0,0,0,0,0,0,0,0,0,0,0,0,0,0,0,0,0,0,0,0,0,0,0,0,0,0,0,0,0,0,0,0,0,0,0,0,5
2025-11-21 22:13:39.475144,0,0,177,13,4,0,232,97,248,39,100,32,12,6,68,11,155,7,253,255,237,97,236,29,203,18,27,0,88,0,176,5,232,3,0,0,208,7,0,0,184,11,0,0,160,15,0,0,0,0,0,0,0,0,0,0,0,0,0,0,0,0,0,0,0,0,0,0,0,0,0,0,0,0,0,0,0,0,0,0,0,0,0,0,0,0,0,0,0,0,0,0,0,0,0,0,0,0,0,0,0,0,0,0,0,0,0,0,0,0,0,0,0,0,0,0,0,0,0,0,0,0,0,0,0,0,0,5
2025-11-21 22:13:40.475164,0,0,189,13,4,0,230,97,234,38,218,31,19,6,89,11,139,7,253,255,237,97,228,29,247,18,27,0,87,0,176,5,232,3,0,0,208,7,0,0,184,11,0,0,160,15,0,0,0,0,0,0,0,0,0,0,0,0,0,0,0,0,0,0,0,0,0,0,0,0,0,0,0,0,0,0,0,0,0,0,0,0,0,0,0,0,0,0,0,0,0,0,0,0,0,0,0,0,0,0,0,0,0,0,0,0,0,0,0,0,0,0,0,0,0,0,0,0,0,0,0,0,0,0,0,0,0,5
2025-11-21 22:13:41.475145,0,0,199,13,4,0,230,97,0,38,107,31,26,6,109,11,127,7,253,255,230,97,210,29,27,19,26,0,86,0,170,5,232,3,0,0,208,7,0,0,184,11,0,0,160,15,0,0,0,0,0,0,0,0,0,0,0,0,0,0,0,0,0,0,0,0,0,0,0,0,0,0,0,0,0,0,0,0,0,0,0,0,0,0,0,0,0,0,0,0,0,0,0,0,0,0,0,0,0,0,0,0,0,0,0,0,0,0,0,0,0,0,0,0,0,0,0,0,0,0,0,0,0,0,0,0,0,5
2025-11-21 22:13:42.475139,0,0,201,13,4,0,207,97,38,37,9,31,30,6,120,11,114,7,254,255,213,97,191,29,67,19,26,0,84,0,172,5,232,3,0,0,208,7,0,0,184,11,0,0,160,15,0,0,0,0,0,0,0,0,0,0,0,0,0,0,0,0,0,0,0,0,0,0,0,0,0,0,0,0,0,0,0,0,0,0,0,0,0,0,0,0,0,0,0,0,0,0,0,0,0,0,0,0,0,0,0,0,0,0,0,0,0,0,0,0,0,0,0,0,0,0,0,0,0,0,0,0,0,0,0,0,0,5
2025-11-21 22:13:43.475154,0,0,195,13,4,0,157,97,86,36,180,30,33,6,127,11,97,7,254,255,206,97,174,29,102,19,26,0,83,0,170,5,232,3,0,0,208,7,0,0,184,11,0,0,160,15,0,0,0,0,0,0,0,0,0,0,0,0,0,0,0,0,0,0,0,0,0,0,0,0,0,0,0,0,0,0,0,0,0,0,0,0,0,0,0,0,0,0,0,0,0,0,0,0,0,0,0,0,0,0,0,0,0,0,0,0,0,0,0,0,0,0,0,0,0,0,0,0,0,0,0,0,0,0,0,0,0,5
2025-11-21 22:13:44.475149,0,0,210,13,4,0,207,97,210,35,133,30,44,6,148,11,48,7,254,255,222,97,173,29,142,19,26,0,82,0,172,5,232,3,0,0,208,7,0,0,184,11,0,0,160,15,0,0,0,0,0,0,0,0,0,0,0,0,0,0,0,0,0,0,0,0,0,0,0,0,0,0,0,0,0,0,0,0,0,0,0,0,0,0,0,0,0,0,0,0,0,0,0,0,0,0,0,0,0,0,0,0,0,0,0,0,0,0,0,0,0,0,0,0,0,0,0,0,0,0,0,0,0,0,0,0,0,5
2025-11-21 22:13:45.475162,0,0,226,13,4,0,217,97,71,35,54,30,53,6,162,11,252,6,254,255,227,97,186,29,175,19,25,0,81,0,172,5,232,3,0,0,208,7,0,0,184,11,0,0,160,15,0,0,0,0,0,0,0,0,0,0,0,0,0,0,0,0,0,0,0,0,0,0,0,0,0,0,0,0,0,0,0,0,0,0,0,0,0,0,0,0,0,0,0,0,0,0,0,0,0,0,0,0,0,0,0,0,0,0,0,0,0,0,0,0,0,0,0,0,0,0,0,0,0,0,0,0,0,0,0,0,0,5
2025-11-21 22:13:46.475156,0,0,242,13,4,0,226,97,189,34,205,29,62,6,175,11,218,6,254,255,229,97,218,29,202,19,26,0,81,0,174,5,232,3,0,0,208,7,0,0,184,11,0,0,160,15,0,0,0,0,0,0,0,0,0,0,0,0,0,0,0,0,0,0,0,0,0,0,0,0,0,0,0,0,0,0,0,0,0,0,0,0,0,0,0,0,0,0,0,0,0,0,0,0,0,0,0,0,0,0,0,0,0,0,0,0,0,0,0,0,0,0,0,0,0,0,0,0,0,0,0,0,0,0,0,0,0,5
2025-11-21 22:13:47.475146,0,0,4,14,4,0,234,97,49,34,86,29,70,6,189,11,193,6,253,255,243,97,6,30,230,19,26,0,81,0,176,5,232,3,0,0,208,7,0,0,184,11,0,0,160,15,0,0,0,0,0,0,0,0,0,0,0,0,0,0,0,0,0,0,0,0,0,0,0,0,0,0,0,0,0,0,0,0,0,0,0,0,0,0,0,0,0,0,0,0,0,0,0,0,0,0,0,0,0,0,0,0,0,0,0,0,0,0,0,0,0,0,0,0,0,0,0,0,0,0,0,0,0,0,0,0,0,5
2025-11-21 22:13:48.475158,0,0,20,14,4,0,237,97,164,33,213,28,77,6,200,11,171,6,253,255,242,97,60,30,253,19,26,0,80,0,176,5,232,3,0,0,208,7,0,0,184,11,0,0,160,15,0,0,0,0,0,0,0,0,0,0,0,0,0,0,0,0,0,0,0,0,0,0,0,0,0,0,0,0,0,0,0,0,0,0,0,0,0,0,0,0,0,0,0,0,0,0,0,0,0,0,0,0,0,0,0,0,0,0,0,0,0,0,0,0,0,0,0,0,0,0,0,0,0,0,0,0,0,0,0,0,0,5
2025-11-21 22:13:50.487593,0,0,20,14,4,0,249,97,176,32,53,39,68,6,209,11,28,7,253,255,254,97,227,29,31,20,26,0,79,0,178,5,232,3,0,0,208,7,0,0,184,11,0,0,160,15,0,0,0,0,0,0,0,0,0,0,0,0,0,0,0,0,0,0,0,0,0,0,0,0,0,0,0,0,0,0,0,0,0,0,0,0,0,0,0,0,0,0,0,0,0,0,0,0,0,0,0,0,0,0,0,0,0,0,0,0,0,0,0,0,0,0,0,0,0,0,0,0,0,0,0,0,0,0,0,0,0,5
2025-11-21 22:13:51.487615,0,0,231,13,4,0,250,97,139,32,118,46,29,6,187,11,240,6,253,255,0,98,214,29,29,20,27,0,80,0,178,5,232,3,0,0,208,7,0,0,184,11,0,0,160,15,0,0,0,0,0,0,0,0,0,0,0,0,0,0,0,0,0,0,0,0,0,0,0,0,0,0,0,0,0,0,0,0,0,0,0,0,0,0,0,0,0,0,0,0,0,0,0,0,0,0,0,0,0,0,0,0,0,0,0,0,0,0,0,0,0,0,0,0,0,0,0,0,0,0,0,0,0,0,0,0,0,5
2025-11-21 22:13:52.487592,0,0,150,13,4,0,252,97,191,31,67,50,226,5,130,11,178,6,253,255,1,98,251,29,7,20,26,0,80,0,178,5,232,3,0,0,208,7,0,0,184,11,0,0,160,15,0,0,0,0,0,0,0,0,0,0,0,0,0,0,0,0,0,0,0,0,0,0,0,0,0,0,0,0,0,0,0,0,0,0,0,0,0,0,0,0,0,0,0,0,0,0,0,0,0,0,0,0,0,0,0,0,0,0,0,0,0,0,0,0,0,0,0,0,0,0,0,0,0,0,0,0,0,0,0,0,0,5
2025-11-21 22:13:53.487588,0,0,40,13,4,0,252,97,227,29,164,52,156,5,42,11,109,6,253,255,1,98,72,30,216,19,27,0,79,0,178,5,232,3,0,0,208,7,0,0,184,11,0,0,160,15,0,0,0,0,0,0,0,0,0,0,0,0,0,0,0,0,0,0,0,0,0,0,0,0,0,0,0,0,0,0,0,0,0,0,0,0,0,0,0,0,0,0,0,0,0,0,0,0,0,0,0,0,0,0,0,0,0,0,0,0,0,0,0,0,0,0,0,0,0,0,0,0,0,0,0,0,0,0,0,0,0,5
2025-11-21 22:13:54.487630,0,0,172,12,4,0,252,97,20,28,46,54,81,5,192,10,20,6,253,255,2,98,181,30,149,19,26,0,79,0,178,5,232,3,0,0,208,7,0,0,184,11,0,0,160,15,0,0,0,0,0,0,0,0,0,0,0,0,0,0,0,0,0,0,0,0,0,0,0,0,0,0,0,0,0,0,0,0,0,0,0,0,0,0,0,0,0,0,0,0,0,0,0,0,0,0,0,0,0,0,0,0,0,0,0,0,0,0,0,0,0,0,0,0,0,0,0,0,0,0,0,0,0,0,0,0,0,5
2025-11-21 22:13:55.487567,0,0,40,12,4,0,252,97,110,26,229,54,9,5,81,10,181,5,254,255,0,98,42,31,62,19,26,0,78,0,178,5,232,3,0,0,208,7,0,0,184,11,0,0,160,15,0,0,0,0,0,0,0,0,0,0,0,0,0,0,0,0,0,0,0,0,0,0,0,0,0,0,0,0,0,0,0,0,0,0,0,0,0,0,0,0,0,0,0,0,0,0,0,0,0,0,0,0,0,0,0,0,0,0,0,0,0,0,0,0,0,0,0,0,0,0,0,0,0,0,0,0,0,0,0,0,0,5
2025-11-21 22:13:56.487612,0,0,158,11,4,0,252,97,238,24,253,54,195,4,220,9,93,5,253,255,2,98,163,31,220,18,27,0,78,0,177,5,232,3,0,0,208,7,0,0,184,11,0,0,160,15,0,0,0,0,0,0,0,0,0,0,0,0,0,0,0,0,0,0,0,0,0,0,0,0,0,0,0,0,0,0,0,0,0,0,0,0,0,0,0,0,0,0,0,0,0,0,0,0,0,0,0,0,0,0,0,0,0,0,0,0,0,0,0,0,0,0,0,0,0,0,0,0,0,0,0,0,0,0,0,0,0,5
2025-11-21 22:13:57.487603,0,0,22,11,4,0,253,97,182,23,123,54,131,4,99,9,16,5,253,255,2,98,13,32,113,18,27,0,77,0,177,5,232,3,0,0,208,7,0,0,184,11,0,0,160,15,0,0,0,0,0,0,0,0,0,0,0,0,0,0,0,0,0,0,0,0,0,0,0,0,0,0,0,0,0,0,0,0,0,0,0,0,0,0,0,0,0,0,0,0,0,0,0,0,0,0,0,0,0,0,0,0,0,0,0,0,0,0,0,0,0,0,0,0,0,0,0,0,0,0,0,0,0,0,0,0,0,5
2025-11-21 22:13:58.487566,0,0,145,10,4,0,1,98,157,22,143,53,72,4,241,8,202,4,253,255,11,98,101,32,7,18,27,0,76,0,179,5,232,3,0,0,208,7,0,0,184,11,0,0,160,15,0,0,0,0,0,0,0,0,0,0,0,0,0,0,0,0,0,0,0,0,0,0,0,0,0,0,0,0,0,0,0,0,0,0,0,0,0,0,0,0,0,0,0,0,0,0,0,0,0,0,0,0,0,0,0,0,0,0,0,0,0,0,0,0,0,0,0,0,0,0,0,0,0,0,0,0,0,0,0,0,0,5
2025-11-21 22:13:59.487619,0,0,16,10,4,0,7,98,134,21,94,52,17,4,131,8,138,4,254,255,12,98,177,32,158,17,26,0,76,0,179,5,232,3,0,0,208,7,0,0,184,11,0,0,160,15,0,0,0,0,0,0,0,0,0,0,0,0,0,0,0,0,0,0,0,0,0,0,0,0,0,0,0,0,0,0,0,0,0,0,0,0,0,0,0,0,0,0,0,0,0,0,0,0,0,0,0,0,0,0,0,0,0,0,0,0,0,0,0,0,0,0,0,0,0,0,0,0,0,0,0,0,0,0,0,0,0,5
2025-11-21 22:14:00.487582,0,0,146,9,4,0,9,98,127,20,29,51,223,3,25,8,78,4,254,255,14,98,251,32,52,17,27,0,76,0,179,5,232,3,0,0,208,7,0,0,184,11,0,0,160,15,0,0,0,0,0,0,0,0,0,0,0,0,0,0,0,0,0,0,0,0,0,0,0,0,0,0,0,0,0,0,0,0,0,0,0,0,0,0,0,0,0,0,0,0,0,0,0,0,0,0,0,0,0,0,0,0,0,0,0,0,0,0,0,0,0,0,0,0,0,0,0,0,0,0,0,0,0,0,0,0,0,5
2025-11-21 22:14:01.487601,0,0,25,9,4,0,9,98,148,19,222,49,176,3,177,7,23,4,254,255,14,98,60,33,202,16,27,0,75,0,179,5,232,3,0,0,208,7,0,0,184,11,0,0,160,15,0,0,0,0,0,0,0,0,0,0,0,0,0,0,0,0,0,0,0,0,0,0,0,0,0,0,0,0,0,0,0,0,0,0,0,0,0,0,0,0,0,0,0,0,0,0,0,0,0,0,0,0,0,0,0,0,0,0,0,0,0,0,0,0,0,0,0,0,0,0,0,0,0,0,0,0,0,0,0,0,0,5
2025-11-21 22:14:02.487626,0,0,165,8,4,0,9,98,190,18,181,48,132,3,80,7,232,3,253,255,14,98,118,33,97,16,27,0,75,0,179,5,232,3,0,0,208,7,0,0,184,11,0,0,160,15,0,0,0,0,0,0,0,0,0,0,0,0,0,0,0,0,0,0,0,0,0,0,0,0,0,0,0,0,0,0,0,0,0,0,0,0,0,0,0,0,0,0,0,0,0,0,0,0,0,0,0,0,0,0,0,0,0,0,0,0,0,0,0,0,0,0,0,0,0,0,0,0,0,0,0,0,0,0,0,0,0,5
2025-11-21 22:14:03.487632,0,0,56,8,4,0,10,98,246,17,169,47,91,3,246,6,191,3,253,255,14,98,169,33,252,15,26,0,75,0,179,5,232,3,0,0,208,7,0,0,184,11,0,0,160,15,0,0,0,0,0,0,0,0,0,0,0,0,0,0,0,0,0,0,0,0,0,0,0,0,0,0,0,0,0,0,0,0,0,0,0,0,0,0,0,0,0,0,0,0,0,0,0,0,0,0,0,0,0,0,0,0,0,0,0,0,0,0,0,0,0,0,0,0,0,0,0,0,0,0,0,0,0,0,0,0,0,5
2025-11-21 22:14:04.487625,0,0,211,7,4,0,11,98,65,17,215,46,52,3,158,6,147,3,253,255,16,98,194,33,154,15,27,0,75,0,179,5,232,3,0,0,208,7,0,0,184,11,0,0,160,15,0,0,0,0,0,0,0,0,0,0,0,0,0,0,0,0,0,0,0,0,0,0,0,0,0,0,0,0,0,0,0,0,0,0,0,0,0,0,0,0,0,0,0,0,0,0,0,0,0,0,0,0,0,0,0,0,0,0,0,0,0,0,0,0,0,0,0,0,0,0,0,0,0,0,0,0,0,0,0,0,0,5
2025-11-21 22:14:05.487609,0,0,112,7,4,0,11,98,168,16,51,46,16,3,76,6,106,3,253,255,15,98,222,33,55,15,27,0,74,0,179,5,232,3,0,0,208,7,0,0,184,11,0,0,160,15,0,0,0,0,0,0,0,0,0,0,0,0,0,0,0,0,0,0,0,0,0,0,0,0,0,0,0,0,0,0,0,0,0,0,0,0,0,0,0,0,0,0,0,0,0,0,0,0,0,0,0,0,0,0,0,0,0,0,0,0,0,0,0,0,0,0,0,0,0,0,0,0,0,0,0,0,0,0,0,0,0,5
2025-11-21 22:14:06.487604,0,0,18,7,4,0,13,98,30,16,144,45,238,2,2,6,72,3,254,255,18,98,8,34,216,14,27,0,74,0,179,5,232,3,0,0,208,7,0,0,184,11,0,0,160,15,0,0,0,0,0,0,0,0,0,0,0,0,0,0,0,0,0,0,0,0,0,0,0,0,0,0,0,0,0,0,0,0,0,0,0,0,0,0,0,0,0,0,0,0,0,0,0,0,0,0,0,0,0,0,0,0,0,0,0,0,0,0,0,0,0,0,0,0,0,0,0,0,0,0,0,0,0,0,0,0,0,5
2025-11-21 22:14:07.487594,0,0,187,6,4,0,14,98,157,15,222,44,205,2,187,5,40,3,254,255,18,98,51,34,122,14,27,0,74,0,179,5,232,3,0,0,208,7,0,0,184,11,0,0,160,15,0,0,0,0,0,0,0,0,0,0,0,0,0,0,0,0,0,0,0,0,0,0,0,0,0,0,0,0,0,0,0,0,0,0,0,0,0,0,0,0,0,0,0,0,0,0,0,0,0,0,0,0,0,0,0,0,0,0,0,0,0,0,0,0,0,0,0,0,0,0,0,0,0,0,0,0,0,0,0,0,0,5
2025-11-21 22:14:08.487609,0,0,105,6,4,0,14,98,35,15,36,44,174,2,118,5,11,3,254,255,18,98,94,34,29,14,27,0,73,0,179,5,232,3,0,0,208,7,0,0,184,11,0,0,160,15,0,0,0,0,0,0,0,0,0,0,0,0,0,0,0,0,0,0,0,0,0,0,0,0,0,0,0,0,0,0,0,0,0,0,0,0,0,0,0,0,0,0,0,0,0,0,0,0,0,0,0,0,0,0,0,0,0,0,0,0,0,0,0,0,0,0,0,0,0,0,0,0,0,0,0,0,0,0,0,0,0,5
2025-11-21 22:14:10.502064,0,0,211,5,4,0,15,98,38,14,209,42,123,2,251,4,221,2,253,255,19,98,164,34,110,13,27,0,72,0,179,5,232,3,0,0,208,7,0,0,184,11,0,0,160,15,0,0,0,0,0,0,0,0,0,0,0,0,0,0,0,0,0,0,0,0,0,0,0,0,0,0,0,0,0,0,0,0,0,0,0,0,0,0,0,0,0,0,0,0,0,0,0,0,0,0,0,0,0,0,0,0,0,0,0,0,0,0,0,0,0,0,0,0,0,0,0,0,0,0,0,0,0,0,0,0,0,5
2025-11-21 22:14:11.502070,0,0,183,5,4,0,15,98,176,13,28,42,141,2,212,4,242,2,254,255,19,98,163,34,33,13,27,0,72,0,179,5,232,3,0,0,208,7,0,0,184,11,0,0,160,15,0,0,0,0,0,0,0,0,0,0,0,0,0,0,0,0,0,0,0,0,0,0,0,0,0,0,0,0,0,0,0,0,0,0,0,0,0,0,0,0,0,0,0,0,0,0,0,0,0,0,0,0,0,0,0,0,0,0,0,0,0,0,0,0,0,0,0,0,0,0,0,0,0,0,0,0,0,0,0,0,0,5
2025-11-21 22:14:12.502050,0,0,1,6,4,0,15,98,96,13,85,41,180,2,216,4,38,3,254,255,19,98,149,34,229,12,27,0,71,0,179,5,232,3,0,0,208,7,0,0,184,11,0,0,160,15,0,0,0,0,0,0,0,0,0,0,0,0,0,0,0,0,0,0,0,0,0,0,0,0,0,0,0,0,0,0,0,0,0,0,0,0,0,0,0,0,0,0,0,0,0,0,0,0,0,0,0,0,0,0,0,0,0,0,0,0,0,0,0,0,0,0,0,0,0,0,0,0,0,0,0,0,0,0,0,0,0,5
2025-11-21 22:14:13.502046,0,0,130,6,4,0,14,98,115,13,137,40,226,2,9,5,95,3,254,255,18,98,135,34,190,12,27,0,71,0,178,5,232,3,0,0,208,7,0,0,184,11,0,0,160,15,0,0,0,0,0,0,0,0,0,0,0,0,0,0,0,0,0,0,0,0,0,0,0,0,0,0,0,0,0,0,0,0,0,0,0,0,0,0,0,0,0,0,0,0,0,0,0,0,0,0,0,0,0,0,0,0,0,0,0,0,0,0,0,0,0,0,0,0,0,0,0,0,0,0,0,0,0,0,0,0,0,5
2025-11-21 22:14:14.502058,0,0,29,7,4,0,15,98,233,13,130,39,20,3,89,5,151,3,254,255,18,98,124,34,177,12,27,0,70,0,178,5,232,3,0,0,208,7,0,0,184,11,0,0,160,15,0,0,0,0,0,0,0,0,0,0,0,0,0,0,0,0,0,0,0,0,0,0,0,0,0,0,0,0,0,0,0,0,0,0,0,0,0,0,0,0,0,0,0,0,0,0,0,0,0,0,0,0,0,0,0,0,0,0,0,0,0,0,0,0,0,0,0,0,0,0,0,0,0,0,0,0,0,0,0,0,0,5
2025-11-21 22:14:15.502048,0,0,195,7,4,0,13,98,122,14,90,38,73,3,186,5,195,3,254,255,17,98,114,34,183,12,27,0,70,0,177,5,232,3,0,0,208,7,0,0,184,11,0,0,160,15,0,0,0,0,0,0,0,0,0,0,0,0,0,0,0,0,0,0,0,0,0,0,0,0,0,0,0,0,0,0,0,0,0,0,0,0,0,0,0,0,0,0,0,0,0,0,0,0,0,0,0,0,0,0,0,0,0,0,0,0,0,0,0,0,0,0,0,0,0,0,0,0,0,0,0,0,0,0,0,0,0,5
2025-11-21 22:14:16.502071,0,0,95,8,4,0,12,98,1,15,32,37,123,3,33,6,228,3,253,255,18,98,104,34,204,12,27,0,69,0,177,5,232,3,0,0,208,7,0,0,184,11,0,0,160,15,0,0,0,0,0,0,0,0,0,0,0,0,0,0,0,0,0,0,0,0,0,0,0,0,0,0,0,0,0,0,0,0,0,0,0,0,0,0,0,0,0,0,0,0,0,0,0,0,0,0,0,0,0,0,0,0,0,0,0,0,0,0,0,0,0,0,0,0,0,0,0,0,0,0,0,0,0,0,0,0,0,5
